{"content":[{"id":"242bfade","settings":{"layout":"full_width","height":"min-height","custom_height":{"unit":"px","size":660,"sizes":[]},"background_background":"classic","background_color":"#EAF0F2","background_image":{"url":"https:\/\/devsedu.softatomic.com\/wp-content\/uploads\/2023\/05\/BG-1.webp","id":41,"size":"","alt":"","source":"library"},"background_position":"center center","background_repeat":"no-repeat","background_size":"cover","custom_height_tablet_extra":{"unit":"px","size":600,"sizes":[]},"padding_tablet":{"unit":"px","top":"75","right":"0","bottom":"0","left":"0","isLinked":false},"padding_mobile":{"unit":"px","top":"75","right":"0","bottom":"0","left":"0","isLinked":false},"custom_height_tablet":{"unit":"custom","size":"100%","sizes":[]},"custom_height_mobile":{"unit":"custom","size":"","sizes":[]},"overflow":"hidden","gap":"no","background_position_tablet_extra":"center left"},"elements":[{"id":"6dd21630","settings":{"_column_size":100,"_inline_size":null},"elements":[{"id":"7d54146b","settings":{"layout":"full_width","gap":"no"},"elements":[{"id":"4ec7addc","settings":{"_column_size":100,"_inline_size":null},"elements":[{"id":"3c07fab7","settings":{"image":{"url":"https:\/\/devsedu.softatomic.com\/wp-content\/uploads\/2023\/05\/h-1-shape-01.png","id":100,"size":"","alt":"","source":"library"},"image_size":"full","opacity":{"unit":"px","size":0.7,"sizes":[]},"_element_width":"auto","_position":"absolute","_offset_orientation_h":"end","_offset_x_end":{"unit":"px","size":-5,"sizes":[]},"_offset_y":{"unit":"px","size":50,"sizes":[]},"_animation":"fadeIn","_animation_delay":1000,"hide_tablet_extra":"hidden-tablet_extra","hide_tablet":"hidden-tablet","hide_mobile":"hidden-mobile","hide_mobile_extra":"hidden-mobile_extra"},"elements":[],"isInner":false,"widgetType":"image","elType":"widget"}],"isInner":true,"elType":"column"}],"isInner":true,"elType":"section"},{"id":"564bd4cf","settings":{"content_width":{"unit":"px","size":1200,"sizes":[]},"gap":"extended","custom_height_inner":{"unit":"px","size":"","sizes":[]},"content_position":"middle","structure":"20"},"elements":[{"id":"6bd07604","settings":{"_column_size":50,"_inline_size":null,"_inline_size_tablet":100,"margin_tablet":{"unit":"px","top":"0","right":"0","bottom":"35","left":"0","isLinked":false},"margin_mobile":{"unit":"px","top":"0","right":"0","bottom":"25","left":"0","isLinked":false},"margin":{"unit":"px","top":"50","right":"0","bottom":"0","left":"0","isLinked":false}},"elements":[{"id":"5990701","settings":{"image":{"url":"https:\/\/devsedu.softatomic.com\/wp-content\/uploads\/2023\/05\/shape-13.png","id":153,"size":"","alt":"","source":"library"},"text":"Your Text","_element_width":"auto","_position":"absolute","_offset_x":{"unit":"px","size":-75,"sizes":[]},"_offset_y":{"unit":"px","size":10,"sizes":[]},"_z_index":0,"_animation":"fadeIn","_animation_delay":1000,"hide_tablet_extra":"hidden-tablet_extra","hide_tablet":"hidden-tablet","hide_mobile":"hidden-mobile","mouse_speed":{"unit":"px","size":2,"sizes":[]},"hide_mobile_extra":"hidden-mobile_extra"},"elements":[],"isInner":false,"widgetType":"edublink-animation","elType":"widget"},{"id":"53d161aa","settings":{"title":"Get  <span class=\"edublink-color-secondary\">2500+<\/span> <br>\nBest Online Courses\nFrom EduBlink","header_size":"h1","typography_typography":"custom","typography_line_height":{"unit":"custom","size":"1.2","sizes":[]},"typography_line_height_tablet":{"unit":"custom","size":"","sizes":[]},"typography_line_height_mobile":{"unit":"custom","size":"","sizes":[]},"_animation":"edublink--slide-up","_animation_delay":100,"_element_custom_width":{"unit":"px","size":420,"sizes":[]},"_css_classes":"edublink-br-tl-none","align_tablet":"center","typography_font_size_tablet_extra":{"unit":"px","size":44,"sizes":[]},"typography_font_size_tablet":{"unit":"px","size":38,"sizes":[]},"typography_font_size_mobile":{"unit":"px","size":34,"sizes":[]},"_padding_tablet":{"unit":"px","top":"0","right":"50","bottom":"0","left":"50","isLinked":false},"_padding_mobile_extra":{"unit":"px","top":"0","right":"0","bottom":"0","left":"0","isLinked":false},"_padding_mobile":{"unit":"px","top":"0","right":"0","bottom":"0","left":"0","isLinked":true}},"elements":[],"isInner":false,"widgetType":"heading","elType":"widget"},{"id":"47409ce9","settings":{"editor":"Excepteur sint occaecat cupidatat non proident sunt in culpa qui officia deserunt mollit.","align_tablet":"center","text_color":"#181818","typography_typography":"custom","typography_font_size":{"unit":"px","size":18,"sizes":[]},"_margin":{"unit":"px","top":"-5","right":"15","bottom":"10","left":"0","isLinked":false},"_margin_mobile":{"unit":"px","top":"0","right":"0","bottom":"0","left":"0","isLinked":false},"_animation":"edublink--slide-up","_animation_delay":200,"_margin_tablet":{"unit":"px","top":"-5","right":"0","bottom":"10","left":"0","isLinked":false},"_padding_tablet":{"unit":"px","top":"0","right":"80","bottom":"0","left":"80","isLinked":false},"_padding_mobile_extra":{"unit":"px","top":"0","right":"0","bottom":"0","left":"0","isLinked":false},"_padding_mobile":{"unit":"px","top":"0","right":"0","bottom":"0","left":"0","isLinked":true}},"elements":[],"isInner":false,"widgetType":"text-editor","elType":"widget"},{"id":"6a2c2e20","settings":{"primary_button":"Get Started","primary_button_icon":{"value":"fas fa-arrow-right","library":"fa-solid"},"primary_button_text_typography_typography":"custom","primary_button_text_typography_font_weight":"400","primary_button_bg_color":"#FF7C7C","primary_button_border_border":"none","primary_button_hover_border_border":"none","_animation":"edublink--slide-up","_animation_delay":400,"alignment_tablet":"center","text":"Find courses","__dynamic__":[],"url":{"url":"https:\/\/tutor.edublink.co\/courses\/","is_external":"","nofollow":"","custom_attributes":""}},"elements":[],"isInner":false,"widgetType":"edublink-button","elType":"widget"}],"isInner":true,"elType":"column"},{"id":"3c2622e9","settings":{"_column_size":50,"_inline_size":null,"_inline_size_tablet":100,"margin_tablet":{"unit":"px","top":"-5","right":"0","bottom":"0","left":"0","isLinked":false}},"elements":[{"id":"6e51d1b1","settings":{"image":{"url":"https:\/\/devsedu.softatomic.com\/wp-content\/uploads\/2023\/05\/shape-16.png","id":167,"size":"","alt":"","source":"library"},"text":"Your Text","mouse_speed":{"unit":"px","size":-1.5,"sizes":[]},"_element_width":"auto","_position":"absolute","_animation":"fadeIn","_animation_delay":1000,"_offset_x":{"unit":"px","size":185,"sizes":[]},"_offset_y":{"unit":"px","size":140,"sizes":[]},"_z_index":0,"responsive_show_hide_tablet":"none","hide_tablet_extra":"hidden-tablet_extra","hide_tablet":"hidden-tablet","hide_mobile":"hidden-mobile","hide_mobile_extra":"hidden-mobile_extra"},"elements":[],"isInner":false,"widgetType":"edublink-animation","elType":"widget"},{"id":"c5e452","settings":{"image":{"url":"https:\/\/devsedu.softatomic.com\/wp-content\/uploads\/2023\/05\/shape-15.png","id":168,"size":"","alt":"","source":"library"},"text":"Your Text","mouse_speed":{"unit":"px","size":0,"sizes":[]},"_element_width":"auto","_position":"absolute","_animation":"fadeIn","_animation_delay":1000,"animation_type":"infinite-animation","infinite_animation_type":"edublink-sm-x-move 15s alternate infinite linear","enable_custom_duration":"yes","custom_duration":{"unit":"px","size":3.5,"sizes":[]},"_offset_x":{"unit":"px","size":175,"sizes":[]},"_offset_y":{"unit":"px","size":60,"sizes":[]},"_z_index":0,"hide_tablet_extra":"hidden-tablet_extra","hide_tablet":"hidden-tablet","hide_mobile":"hidden-mobile","hide_mobile_extra":"hidden-mobile_extra"},"elements":[],"isInner":false,"widgetType":"edublink-animation","elType":"widget"},{"id":"73379da4","settings":{"image":{"url":"https:\/\/devsedu.softatomic.com\/wp-content\/uploads\/2023\/05\/shape-02.png","id":170,"size":"","alt":"","source":"library"},"image_size":"full","_element_width":"auto","_position":"absolute","_offset_orientation_h":"end","_offset_x_end":{"unit":"px","size":-19,"sizes":[]},"_offset_y":{"unit":"px","size":129,"sizes":[]},"_animation":"fadeIn","_animation_delay":1000,"hide_tablet_extra":"hidden-tablet_extra","hide_tablet":"hidden-tablet","hide_mobile":"hidden-mobile","hide_mobile_extra":"hidden-mobile_extra"},"elements":[],"isInner":false,"widgetType":"image","elType":"widget"},{"id":"46ad90d6","settings":{"image":{"url":"https:\/\/devsedu.softatomic.com\/wp-content\/uploads\/2023\/05\/shape-13.png","id":153,"size":"","alt":"","source":"library"},"text":"Your Text","_element_width":"auto","_position":"absolute","_offset_orientation_h":"end","_offset_x_end":{"unit":"px","size":-110,"sizes":[]},"_offset_orientation_v":"end","_offset_y_end":{"unit":"px","size":55,"sizes":[]},"_z_index":0,"_animation":"fadeIn","_animation_delay":1000,"hide_tablet_extra":"hidden-tablet_extra","hide_tablet":"hidden-tablet","hide_mobile":"hidden-mobile","hide_mobile_extra":"hidden-mobile_extra"},"elements":[],"isInner":false,"widgetType":"edublink-animation","elType":"widget"},{"id":"9177c97","settings":{"content_type":"color","text":"Your Text","colors_color_color":"#F8B81F","color_height":{"unit":"px","size":40,"sizes":[]},"color_width":{"unit":"px","size":40,"sizes":[]},"color_border_radius":{"unit":"px","top":"50","right":"50","bottom":"50","left":"50","isLinked":true},"_element_width":"auto","_position":"absolute","_offset_x":{"unit":"px","size":115,"sizes":[]},"_offset_y":{"unit":"px","size":295,"sizes":[]},"_animation":"fadeIn","_animation_delay":1000,"hide_tablet_extra":"hidden-tablet_extra","hide_tablet":"hidden-tablet","hide_mobile":"hidden-mobile","mouse_speed":{"unit":"px","size":3,"sizes":[]},"hide_mobile_extra":"hidden-mobile_extra"},"elements":[],"isInner":false,"widgetType":"edublink-animation","elType":"widget"},{"id":"2a9edf68","settings":{"content_type":"color","text":"Your Text","mouse_speed":{"unit":"px","size":-2,"sizes":[]},"colors_color_color":"","color_height":{"unit":"px","size":70,"sizes":[]},"color_width":{"unit":"px","size":70,"sizes":[]},"color_border_border":"solid","color_border_width":{"unit":"px","top":"10","right":"10","bottom":"10","left":"10","isLinked":true},"color_border_color":"#6956FF","color_border_radius":{"unit":"px","top":"50","right":"50","bottom":"50","left":"50","isLinked":true},"_element_width":"auto","_position":"absolute","_offset_orientation_h":"end","_offset_x":{"unit":"px","size":"","sizes":[]},"_offset_x_end":{"unit":"px","size":-155,"sizes":[]},"_offset_orientation_v":"end","_offset_y":{"unit":"px","size":"","sizes":[]},"_offset_y_end":{"unit":"px","size":75,"sizes":[]},"_animation":"fadeIn","_animation_delay":1000,"hide_tablet_extra":"hidden-tablet_extra","hide_tablet":"hidden-tablet","hide_mobile":"hidden-mobile","hide_mobile_extra":"hidden-mobile_extra"},"elements":[],"isInner":false,"widgetType":"edublink-animation","elType":"widget"},{"id":"d46fc2c","settings":{"html":"<div class=\"edublink-hm-instructor-info edublink-bg-white edublink-color-heading edublink-radius\">\n    <div class=\"instructor-wrapper\">\n        <h5 class=\"title edublink-color-heading\">Instrunctor<\/h5>\n        <div class=\"instructor-media\">\n            <div class=\"thumb\">\n                <img src=\"https:\/\/demo.edublink.co\/wp-content\/uploads\/2023\/05\/author-1-1-1.png\">\n            <\/div>\n            <div class=\"content\">\n                <span class=\"edublink-color-secondary edublink-p-bold\">200+ <br><\/span> Instactors\n            <\/div>\n        <\/div>\n    <\/div>\n<\/div>","_element_width":"auto","_position":"absolute","_animation":"edublink--slide-up","_animation_delay":600,"_offset_orientation_v":"end","_offset_y_end":{"unit":"px","size":30,"sizes":[]},"_offset_y_end_tablet_extra":{"unit":"px","size":10,"sizes":[]},"hide_mobile":"hidden-mobile","_offset_x_tablet":{"unit":"px","size":90,"sizes":[]},"_offset_y_end_tablet":{"unit":"px","size":55,"sizes":[]},"_offset_x":{"unit":"px","size":20,"sizes":[]}},"elements":[],"isInner":false,"widgetType":"html","elType":"widget"},{"id":"409add50","settings":{"image":{"url":"https:\/\/devsedu.softatomic.com\/wp-content\/uploads\/2023\/05\/girl-1.webp","id":68,"size":"","alt":"","source":"library"},"image_size":"full","align":"right","_margin":{"unit":"px","top":"0","right":"-75","bottom":"-55","left":"0","isLinked":false},"_animation":"edublink--slide-left","_animation_delay":500,"align_tablet":"center","_margin_tablet_extra":{"unit":"px","top":"0","right":"0","bottom":"-85","left":"0","isLinked":false},"_margin_tablet":{"unit":"px","top":"0","right":"0","bottom":"-15","left":"0","isLinked":false}},"elements":[],"isInner":false,"widgetType":"image","elType":"widget"}],"isInner":true,"elType":"column"}],"isInner":true,"elType":"section"}],"isInner":false,"elType":"column"}],"isInner":false,"elType":"section"},{"id":"793d90f9","settings":{"content_width":{"unit":"px","size":1200,"sizes":[]},"gap":"extended","background_background":"gradient","background_color":"#31B978","background_color_b":"#1AB69D","background_gradient_angle":{"unit":"deg","size":-90,"sizes":[]}},"elements":[{"id":"2a696ec3","settings":{"_column_size":100,"_inline_size":null,"padding":{"unit":"px","top":"0","right":"15","bottom":"0","left":"15","isLinked":false}},"elements":[{"id":"41408aaa","settings":{"structure":"40","content_width":{"unit":"px","size":1200,"sizes":[]},"gap":"no"},"elements":[{"id":"3bd445b8","settings":{"_column_size":25,"_inline_size":null,"_inline_size_tablet":50,"align_tablet":"center","align_mobile":"flex-start","border_border":"solid","border_width":{"unit":"px","top":"0","right":"1","bottom":"0","left":"0","isLinked":false},"border_width_mobile":{"unit":"px","top":"0","right":"0","bottom":"0","left":"0","isLinked":false},"border_color":"#FFFFFF26","padding":{"unit":"px","top":"30","right":"0","bottom":"30","left":"0","isLinked":false}},"elements":[{"id":"2a3a2d19","settings":{"icon_or_image":"icon","icon":{"value":{"url":"https:\/\/devsedu.softatomic.com\/wp-content\/uploads\/2023\/06\/online-class.svg","id":7210},"library":"svg"},"title":"3020 <br> Online Courses","details":"","title_tag":"h5","icon_box":"yes","icon_box_size":{"unit":"px","size":80,"sizes":[]},"icon_size":{"unit":"px","size":32,"sizes":[]},"icon_color":"#FFFFFF","icon_bg_color":"#FFFFFF1A","icon_border_radius":{"unit":"%","top":"50","right":"50","bottom":"50","left":"50","isLinked":true},"icon_border_radius_tablet_extra":{"unit":"%","top":"","right":"","bottom":"","left":"","isLinked":true},"icon_border_radius_tablet":{"unit":"%","top":"","right":"","bottom":"","left":"","isLinked":true},"icon_border_radius_mobile":{"unit":"%","top":"","right":"","bottom":"","left":"","isLinked":true},"vertical_alignment":"center","content_margin":{"unit":"px","top":"0","right":"0","bottom":"0","left":"20","isLinked":false},"title_typography_typography":"custom","title_typography_font_weight":"500","title_color":"#FFFFFF","_element_width":"auto","svg_animate":"yes","play_on_hover":"yes","icon_box_line_height":{"unit":"px","size":95,"sizes":[]},"_margin_tablet":{"unit":"px","top":"0","right":"0","bottom":"0","left":"20","isLinked":false},"_margin_mobile":{"unit":"px","top":"0","right":"0","bottom":"0","left":"0","isLinked":false}},"elements":[],"isInner":false,"widgetType":"edublink-icon-box","elType":"widget"}],"isInner":true,"elType":"column"},{"id":"4288bf47","settings":{"_column_size":25,"_inline_size":null,"_inline_size_tablet":50,"align":"center","align_mobile":"flex-start","border_border":"solid","border_width":{"unit":"px","top":"0","right":"1","bottom":"0","left":"0","isLinked":false},"border_width_tablet":{"unit":"px","top":"0","right":"0","bottom":"0","left":"0","isLinked":false},"border_width_mobile":{"unit":"px","top":"0","right":"0","bottom":"0","left":"0","isLinked":false},"border_color":"#FFFFFF26","padding":{"unit":"px","top":"30","right":"0","bottom":"30","left":"0","isLinked":false}},"elements":[{"id":"32e22a01","settings":{"icon_or_image":"icon","icon":{"value":{"url":"https:\/\/devsedu.softatomic.com\/wp-content\/uploads\/2023\/06\/instructor.svg","id":7211},"library":"svg"},"title":"Top <br> Instructors","details":"","title_tag":"h5","icon_box":"yes","icon_box_size":{"unit":"px","size":80,"sizes":[]},"icon_size":{"unit":"px","size":32,"sizes":[]},"icon_color":"#FFFFFF","icon_bg_color":"#FFFFFF1A","icon_border_radius":{"unit":"%","top":"50","right":"50","bottom":"50","left":"50","isLinked":true},"icon_border_radius_tablet_extra":{"unit":"%","top":"","right":"","bottom":"","left":"","isLinked":true},"icon_border_radius_tablet":{"unit":"%","top":"","right":"","bottom":"","left":"","isLinked":true},"icon_border_radius_mobile":{"unit":"%","top":"","right":"","bottom":"","left":"","isLinked":true},"vertical_alignment":"center","content_margin":{"unit":"px","top":"0","right":"0","bottom":"0","left":"20","isLinked":false},"title_typography_typography":"custom","title_typography_font_weight":"500","title_color":"#FFFFFF","_element_width":"auto","svg_animate":"yes","play_on_hover":"yes","icon_box_line_height":{"unit":"px","size":95,"sizes":[]}},"elements":[],"isInner":false,"widgetType":"edublink-icon-box","elType":"widget"}],"isInner":true,"elType":"column"},{"id":"63d3d662","settings":{"_column_size":25,"_inline_size":null,"_inline_size_tablet":50,"align":"center","align_mobile":"flex-start","border_border":"solid","border_width":{"unit":"px","top":"0","right":"1","bottom":"0","left":"0","isLinked":false},"border_width_mobile":{"unit":"px","top":"0","right":"0","bottom":"0","left":"0","isLinked":false},"border_color":"#FFFFFF26","padding":{"unit":"px","top":"30","right":"0","bottom":"30","left":"0","isLinked":false}},"elements":[{"id":"4f0116c2","settings":{"icon_or_image":"icon","icon":{"value":{"url":"https:\/\/devsedu.softatomic.com\/wp-content\/uploads\/2023\/06\/certificate.svg","id":7209},"library":"svg"},"title":"Online <br> Certifications","details":"","title_tag":"h5","icon_box":"yes","icon_box_size":{"unit":"px","size":80,"sizes":[]},"icon_size":{"unit":"px","size":32,"sizes":[]},"icon_color":"#FFFFFF","icon_bg_color":"#FFFFFF1A","icon_border_radius":{"unit":"%","top":"50","right":"50","bottom":"50","left":"50","isLinked":true},"icon_border_radius_tablet_extra":{"unit":"%","top":"","right":"","bottom":"","left":"","isLinked":true},"icon_border_radius_tablet":{"unit":"%","top":"","right":"","bottom":"","left":"","isLinked":true},"icon_border_radius_mobile":{"unit":"%","top":"","right":"","bottom":"","left":"","isLinked":true},"vertical_alignment":"center","content_margin":{"unit":"px","top":"0","right":"0","bottom":"0","left":"20","isLinked":false},"title_typography_typography":"custom","title_typography_font_weight":"500","title_color":"#FFFFFF","_element_width":"auto","svg_animate":"yes","play_on_hover":"yes","icon_box_line_height":{"unit":"px","size":90,"sizes":[]}},"elements":[],"isInner":false,"widgetType":"edublink-icon-box","elType":"widget"}],"isInner":true,"elType":"column"},{"id":"28dfc6b8","settings":{"_column_size":25,"_inline_size":null,"_inline_size_tablet":50,"align":"center","align_mobile":"flex-start","padding":{"unit":"px","top":"30","right":"0","bottom":"30","left":"0","isLinked":false}},"elements":[{"id":"126a053","settings":{"icon_or_image":"icon","icon":{"value":{"url":"https:\/\/devsedu.softatomic.com\/wp-content\/uploads\/2023\/07\/user.svg","id":12840},"library":"svg"},"title":"6,000 <br> Membership","details":"","title_tag":"h5","icon_box":"yes","icon_box_size":{"unit":"px","size":80,"sizes":[]},"icon_size":{"unit":"px","size":32,"sizes":[]},"icon_color":"#FFFFFF","icon_bg_color":"#FFFFFF1A","icon_border_radius":{"unit":"%","top":"50","right":"50","bottom":"50","left":"50","isLinked":true},"icon_border_radius_tablet_extra":{"unit":"%","top":"","right":"","bottom":"","left":"","isLinked":true},"icon_border_radius_tablet":{"unit":"%","top":"","right":"","bottom":"","left":"","isLinked":true},"icon_border_radius_mobile":{"unit":"%","top":"","right":"","bottom":"","left":"","isLinked":true},"vertical_alignment":"center","content_margin":{"unit":"px","top":"0","right":"0","bottom":"0","left":"20","isLinked":false},"title_typography_typography":"custom","title_typography_font_weight":"500","title_color":"#FFFFFF","_element_width":"auto","svg_animate":"yes","play_on_hover":"yes","icon_box_line_height":{"unit":"px","size":95,"sizes":[]},"_margin_tablet":{"unit":"px","top":"0","right":"0","bottom":"0","left":"20","isLinked":false},"_margin_mobile":{"unit":"px","top":"0","right":"0","bottom":"0","left":"0","isLinked":false}},"elements":[],"isInner":false,"widgetType":"edublink-icon-box","elType":"widget"}],"isInner":true,"elType":"column"}],"isInner":true,"elType":"section"}],"isInner":false,"elType":"column"}],"isInner":false,"elType":"section"},{"id":"4282ee9c","settings":{"content_width":{"unit":"px","size":1200,"sizes":[]},"gap":"extended","padding":{"unit":"px","top":"100","right":"0","bottom":"110","left":"0","isLinked":false},"padding_tablet":{"unit":"px","top":"80","right":"0","bottom":"85","left":"0","isLinked":false},"padding_mobile":{"unit":"px","top":"60","right":"0","bottom":"50","left":"0","isLinked":false}},"elements":[{"id":"6535e117","settings":{"_column_size":100,"_inline_size":null},"elements":[{"id":"2bf61d95","settings":{"pre_heading":"","heading":"Top Categories","sub_heading":"Consectetur adipiscing elit sed do eiusmod tempor incididunt ut labore et dolore","alignment":"center","_margin":{"unit":"px","top":"0","right":"0","bottom":"20","left":"0","isLinked":false},"_animation":"edublink--slide-up","_animation_delay":150},"elements":[],"isInner":false,"widgetType":"edublink-heading","elType":"widget"},{"id":"248e459d","settings":{"categories":[{"_id":"440295e","slug":"business","custom_title":"Business Management","icon":{"value":"edublink icon-9","library":"edublink-custom-icons"},"price_range":"Form: $50.00"},{"slug":"online-art","custom_title":"Arts & Design","icon":{"value":"edublink icon-10","library":"edublink-custom-icons"},"price_range":"Form: $50.00","icon_size":{"unit":"px","size":45,"sizes":[]},"color_light":"#EE4A6212","color_dark":"#EE4A62","_id":"5b72928"},{"slug":"motivation","custom_title":"Personal Development","icon":{"value":"edublink icon-11","library":"edublink-custom-icons"},"price_range":"Form: $50.00","icon_size":{"unit":"px","size":44,"sizes":[]},"color_light":"#0ECD7312","color_dark":"#0ECD73","_id":"2ad4f26"},{"slug":"fitness","custom_title":"Health & Fitness","icon":{"value":"edublink icon-12","library":"edublink-custom-icons"},"price_range":"Form: $50.00","icon_size":{"unit":"px","size":46,"sizes":[]},"color_light":"#F8B81F12","color_dark":"#F8B81F","_id":"8395bde"},{"slug":"digital-marketing","custom_title":"Data Science","icon":{"value":"edublink icon-13","library":"edublink-custom-icons"},"price_range":"Form: $50.00","icon_size":{"unit":"px","size":41,"sizes":[]},"color_light":"#8E56FF12","color_dark":"#8E56FF","_id":"a8a60f1"},{"slug":"digital-marketing","custom_title":"Marketing","icon":{"value":"edublink icon-14","library":"edublink-custom-icons"},"price_range":"Form: $50.00","color_light":"#F9259612","color_dark":"#F92596","_id":"aafe334"},{"slug":"business","custom_title":"Business & Finance","icon":{"value":"edublink icon-15","library":"edublink-custom-icons"},"price_range":"Form: $50.00","color_light":"#5866EB12","color_dark":"#5866EB","_id":"8809751"},{"slug":"programming","custom_title":"Computer Science","icon":{"value":"edublink icon-16","library":"edublink-custom-icons"},"price_range":"Form: $50.00","icon_size":{"unit":"px","size":33,"sizes":[]},"color_light":"#F8941F12","color_dark":"#F8941F","_id":"fcd1fbb"},{"slug":"photography","custom_title":"Video & Photography","icon":{"value":"edublink icon-17","library":"edublink-custom-icons"},"price_range":"Form: $50.00","icon_size":{"unit":"px","size":37,"sizes":[]},"color_light":"#39C0FA12","color_dark":"#39C0FA","_id":"bf01119"}],"course_label":"Course","courses_label":"Courses","mobile_grid_columns":"2","_animation":"edublink--slide-up","_animation_delay":250},"elements":[],"isInner":false,"widgetType":"edublink-tl-course-category","elType":"widget"}],"isInner":false,"elType":"column"}],"isInner":false,"elType":"section"},{"id":"6877112f","settings":{"content_width":{"unit":"px","size":1200,"sizes":[]},"gap":"extended","structure":"20","padding":{"unit":"px","top":"0","right":"0","bottom":"120","left":"0","isLinked":false},"background_background":"classic","padding_tablet":{"unit":"px","top":"0","right":"0","bottom":"80","left":"0","isLinked":false},"padding_mobile":{"unit":"px","top":"0","right":"0","bottom":"60","left":"0","isLinked":false},"margin_tablet":{"unit":"px","top":"80","right":0,"bottom":"0","left":0,"isLinked":false},"margin_mobile":{"unit":"px","top":"0","right":0,"bottom":"0","left":0,"isLinked":false}},"elements":[{"id":"2f3ea1b6","settings":{"_column_size":50,"_inline_size":null,"_inline_size_tablet":100},"elements":[{"id":"606e7675","settings":{"image":{"url":"https:\/\/devsedu.softatomic.com\/wp-content\/uploads\/2023\/06\/shape-36-1.png","id":5982,"size":"","alt":"","source":"library"},"text":"Your Text","mouse_speed":{"unit":"px","size":1,"sizes":[]},"_element_width":"auto","_position":"absolute","_offset_x":{"unit":"px","size":-85,"sizes":[]},"_offset_y":{"unit":"px","size":10,"sizes":[]},"_z_index":0,"_animation":"fadeIn","_animation_delay":500,"hide_tablet_extra":"hidden-tablet_extra","hide_tablet":"hidden-tablet","hide_mobile":"hidden-mobile","hide_mobile_extra":"hidden-mobile_extra"},"elements":[],"isInner":false,"widgetType":"edublink-animation","elType":"widget"},{"id":"46e2bc9f","settings":{"image":{"url":"https:\/\/devsedu.softatomic.com\/wp-content\/uploads\/2023\/07\/shape-37.png","id":10292,"size":"","alt":"","source":"library"},"text":"Your Text","mouse_speed":{"unit":"px","size":-1,"sizes":[]},"_element_width":"auto","_position":"absolute","_offset_x":{"unit":"px","size":-25,"sizes":[]},"_offset_y":{"unit":"px","size":-5,"sizes":[]},"_z_index":0,"_animation":"fadeIn","_animation_delay":500,"hide_tablet_extra":"hidden-tablet_extra","hide_tablet":"hidden-tablet","hide_mobile":"hidden-mobile","hide_mobile_extra":"hidden-mobile_extra"},"elements":[],"isInner":false,"widgetType":"edublink-animation","elType":"widget"},{"id":"be8b100","settings":{"image":{"url":"https:\/\/devsedu.softatomic.com\/wp-content\/uploads\/2023\/06\/shape-02.png","id":4962,"size":"","alt":"","source":"library"},"text":"Your Text","mouse_speed":{"unit":"px","size":1,"sizes":[]},"_element_width":"auto","_position":"absolute","_offset_orientation_h":"end","_offset_x_end":{"unit":"px","size":140,"sizes":[]},"_offset_orientation_v":"end","_offset_y_end":{"unit":"px","size":-35,"sizes":[]},"_z_index":0,"_animation":"fadeIn","_animation_delay":500,"hide_tablet_extra":"hidden-tablet_extra","hide_tablet":"hidden-tablet","hide_mobile":"hidden-mobile","hide_mobile_extra":"hidden-mobile_extra"},"elements":[],"isInner":false,"widgetType":"edublink-animation","elType":"widget"},{"id":"395f4e4f","settings":{"html":"<div class=\"edublink-h-main-about-us edublink-bg-white edublink-radius\">\n    <div class=\"about-us-media\">\n        <div class=\"icon\">\n            <i class=\"icon-21\"><\/i>\n        <\/div>\n        <div class=\"content\">\n            <h6 class=\"edublink-color-primary edublink-p-semi-bold\">29+<\/h6>\n             <span class=\"edublink-p-regular edublink-color-body\">Wonderful Awards<\/span>\n        <\/div>\n    <\/div>\n<\/div>","_element_width":"auto","_position":"absolute","_offset_orientation_h":"end","_offset_orientation_v":"end","_animation_delay":500,"hide_mobile":"hidden-mobile","_offset_x_end":{"unit":"px","size":82,"sizes":[]},"_offset_y_end_tablet":{"unit":"px","size":-40,"sizes":[]},"_css_classes":"bounce-slide"},"elements":[],"isInner":false,"widgetType":"html","elType":"widget"},{"id":"161b6f6f","settings":{"url":"https:\/\/www.youtube.com\/watch?v=m2m5Xx5T4No","animation_type":"never","icon_box_size":{"unit":"px","size":60,"sizes":[]},"icon_font_size":{"unit":"px","size":32,"sizes":[]},"icon_color":"#EE4A62","icon_bg_color":"#FFFFFF","icon_border_radius":{"unit":"%","top":"50","right":"50","bottom":"50","left":"50","isLinked":true},"hover_color":"#FFFFFF","hover_bg_color":"#1AB69D","_element_width":"auto","_position":"absolute","_offset_orientation_h":"end","_offset_x_end":{"size":155,"unit":"px"},"_offset_x_end_tablet":{"size":180,"unit":"px"},"_offset_y":{"size":47,"unit":"px"},"_offset_y_tablet":{"size":-30,"unit":"px"},"_z_index":2,"_animation":"edublink--slide-down","_animation_delay":150,"hide_mobile":"hidden-mobile","icon_left_spacing":{"unit":"px","size":2,"sizes":[]},"icon":{"value":"ri ri-play-fill","library":"remix-icons"}},"elements":[],"isInner":false,"widgetType":"edublink-video-popup","elType":"widget"},{"id":"6dd45510","settings":{"image":{"url":"https:\/\/demo.edublink.co\/wp-content\/uploads\/2023\/06\/Image-2.png","id":9202,"size":"","alt":"","source":"library"},"image_size":"full","image_border_radius":{"unit":"px","top":"10","right":"10","bottom":"10","left":"10","isLinked":true},"image_box_shadow_box_shadow_type":"yes","image_box_shadow_box_shadow":{"horizontal":0,"vertical":40,"blur":70,"spread":0,"color":"rgba(26.999999999999993, 20, 78, 0.1)"},"_element_width":"initial","_element_custom_width":{"unit":"px","size":260,"sizes":[]},"_position":"absolute","_offset_orientation_h":"end","_offset_x_end":{"size":55,"unit":"px"},"_offset_x_end_tablet":{"unit":"px","size":80,"sizes":[]},"_offset_y":{"size":-3,"unit":"px"},"_offset_y_tablet":{"unit":"px","size":-80,"sizes":[]},"_animation":"edublink--slide-down","_animation_delay":150,"_box_shadow_box_shadow":{"horizontal":0,"vertical":40,"blur":70,"spread":0,"color":"rgba(26.999999999999993, 20, 78, 0.1)"},"hide_mobile":"hidden-mobile"},"elements":[],"isInner":false,"widgetType":"image","elType":"widget"},{"id":"6774a561","settings":{"image":{"url":"https:\/\/devsedu.softatomic.com\/wp-content\/uploads\/2023\/05\/about-01.webp","id":449,"size":"","alt":"","source":"library"},"image_size":"full","align":"left","image_border_radius":{"unit":"px","top":"10","right":"10","bottom":"10","left":"10","isLinked":true},"align_tablet":"center","_padding":{"unit":"px","top":"70","right":"0","bottom":"40","left":"0","isLinked":false},"_padding_tablet":{"unit":"px","top":"0","right":"0","bottom":"0","left":"0","isLinked":false},"_animation":"edublink--slide-right","_animation_delay":150},"elements":[],"isInner":false,"widgetType":"image","elType":"widget"}],"isInner":false,"elType":"column"},{"id":"5e98301e","settings":{"_column_size":50,"_inline_size":null,"margin":{"unit":"px","top":"60","right":"0","bottom":"0","left":"30","isLinked":false},"_inline_size_tablet":100,"margin_tablet_extra":{"unit":"px","top":"60","right":"0","bottom":"0","left":"0","isLinked":false},"margin_tablet":{"unit":"px","top":"60","right":"0","bottom":"0","left":"0","isLinked":false},"margin_mobile":{"unit":"px","top":"5","right":"0","bottom":"0","left":"0","isLinked":false},"animation":"edublink--slide-left","animation_delay":150},"elements":[{"id":"5f40f9b1","settings":{"content_type":"color","text":"Your Text","enable_custom_duration":"","mouse_speed":{"unit":"px","size":-2.3,"sizes":[]},"colors_color_color":"","color_height":{"unit":"px","size":101,"sizes":[]},"color_width":{"unit":"px","size":101,"sizes":[]},"color_border_border":"solid","color_border_width":{"unit":"px","top":"15","right":"15","bottom":"15","left":"15","isLinked":true},"color_border_color":"#F8B81F","color_border_radius":{"unit":"px","top":"50","right":"50","bottom":"50","left":"50","isLinked":true},"_element_width":"auto","_position":"absolute","_offset_orientation_h":"end","_offset_x_end":{"unit":"px","size":-180,"sizes":[]},"_animation":"fadeIn","_animation_delay":500,"hide_tablet_extra":"hidden-tablet_extra","hide_tablet":"hidden-tablet","hide_mobile":"hidden-mobile","_offset_y":{"unit":"px","size":20,"sizes":[]},"hide_mobile_extra":"hidden-mobile_extra"},"elements":[],"isInner":false,"widgetType":"edublink-animation","elType":"widget"},{"id":"446e6364","settings":{"pre_heading":"ABOUT US","heading":"Learn & Grow Your Skills From <mark>Anywhere<\/mark>","sub_heading":"<p>Lorem ipsum dolor sit amet consectur adipiscing elit sed eiusmod ex tempor incididunt labore dolore magna aliquaenim minim veniam quis nostrud exercitation ullamco laboris.<\/p>"},"elements":[],"isInner":false,"widgetType":"edublink-heading","elType":"widget"},{"id":"64a4b976","settings":{"icon_list":[{"text":"Expert Trainers","selected_icon":{"value":"edublink icon-20","library":"edublink-custom-icons"},"_id":"8632fa5"},{"text":"Online Remote Learning","selected_icon":{"value":"edublink icon-20","library":"edublink-custom-icons"},"_id":"937ac1a"},{"text":"Lifetime Access","selected_icon":{"value":"edublink icon-20","library":"edublink-custom-icons"},"_id":"a733d53"}],"space_between":{"unit":"px","size":15,"sizes":[]},"icon_color":"#F8B81F","icon_size":{"unit":"px","size":19,"sizes":[]},"text_indent":{"unit":"px","size":5,"sizes":[]},"_css_classes":"edublink-font-secondary","icon_typography_typography":"custom","icon_typography_font_weight":"600","icon_typography_line_height":{"unit":"custom","size":"1.73","sizes":[]},"icon_typography_line_height_tablet_extra":{"unit":"custom","size":"","sizes":[]},"icon_typography_line_height_tablet":{"unit":"custom","size":"","sizes":[]},"icon_typography_line_height_mobile":{"unit":"custom","size":"","sizes":[]},"text_color":"#181818"},"elements":[],"isInner":false,"widgetType":"icon-list","elType":"widget"}],"isInner":false,"elType":"column"}],"isInner":false,"elType":"section"},{"id":"6cc58dc4","settings":{"content_width":{"unit":"px","size":1200,"sizes":[]},"gap":"extended","background_background":"classic","background_color":"#F0F4F5","padding":{"unit":"px","top":"100","right":"0","bottom":"325","left":"0","isLinked":false},"padding_tablet":{"unit":"px","top":"80","right":"0","bottom":"305","left":"0","isLinked":false},"padding_mobile":{"unit":"px","top":"60","right":"0","bottom":"285","left":"0","isLinked":false}},"elements":[{"id":"667c9f6b","settings":{"_column_size":100,"_inline_size":null},"elements":[{"id":"5d04a1b4","settings":{"alignment":"center","pre_heading":"POPULAR COURSES","heading":"Pick A Course To Get Started","_animation":"edublink--slide-up","_animation_delay":150,"_margin":{"unit":"px","top":"0","right":"0","bottom":"20","left":"0","isLinked":false}},"elements":[],"isInner":false,"widgetType":"edublink-heading","elType":"widget"},{"id":"735786df","settings":{"filter_all_text":"All","enable_masonry":"yes","active_white_bg":"yes","per_page":{"unit":"px","size":4,"sizes":[]},"custom_date_format":"F j, Y","excerpt_end":"...","desktop_grid_columns":"4","mobile_grid_columns":"2","_animation":"edublink--slide-up","_animation_delay":250},"elements":[],"isInner":false,"widgetType":"edublink-tl-courses","elType":"widget"},{"id":"1e7ba1ce","settings":{"text":"Browse more courses","alignment":"center","_margin":{"unit":"px","top":"40","right":"0","bottom":"0","left":"0","isLinked":false},"url":{"url":"https:\/\/tutor.edublink.co\/courses\/","is_external":"","nofollow":"","custom_attributes":""}},"elements":[],"isInner":false,"widgetType":"edublink-button","elType":"widget"}],"isInner":false,"elType":"column"}],"isInner":false,"elType":"section"},{"id":"1351158c","settings":{"content_width":{"unit":"px","size":785,"sizes":[]},"gap":"extended","margin":{"unit":"px","top":"-220","right":0,"bottom":"0","left":0,"isLinked":false},"z_index":1},"elements":[{"id":"4d05f22f","settings":{"_column_size":100,"_inline_size":100,"background_background":"classic","background_color":"#FFFFFF","border_radius":{"unit":"px","top":"10","right":"10","bottom":"10","left":"10","isLinked":true},"box_shadow_box_shadow_type":"yes","box_shadow_box_shadow":{"horizontal":0,"vertical":30,"blur":70,"spread":0,"color":"rgba(15.99999999999999, 12.000000000000002, 47, 0.08)"},"padding":{"unit":"px","top":"70","right":"70","bottom":"70","left":"70","isLinked":true},"margin":{"unit":"px","top":"0","right":"15","bottom":"0","left":"15","isLinked":false},"padding_mobile":{"unit":"px","top":"15","right":"15","bottom":"15","left":"15","isLinked":true}},"elements":[{"id":"469ff28","settings":{"animation_type":"infinite-animation","image":{"url":"https:\/\/devsedu.softatomic.com\/wp-content\/uploads\/2023\/05\/shape-02.png","id":170,"size":"","alt":"","source":"library"},"text":"Your Text","infinite_animation_type":"edublink-rotate-y 15s normal infinite linear","enable_custom_duration":"yes","custom_duration":{"unit":"px","size":11,"sizes":[]},"mouse_speed":{"unit":"px","size":0,"sizes":[]},"_element_width":"auto","_position":"absolute","_offset_x":{"unit":"px","size":-20,"sizes":[]},"_offset_y":{"unit":"px","size":-100,"sizes":[]},"hide_tablet":"hidden-tablet","hide_mobile":"hidden-mobile","hide_tablet_extra":"hidden-tablet_extra","hide_mobile_extra":"hidden-mobile_extra"},"elements":[],"isInner":false,"widgetType":"edublink-animation","elType":"widget"},{"id":"3c6afefb","settings":{"image":{"url":"https:\/\/devsedu.softatomic.com\/wp-content\/uploads\/2023\/05\/shape-13.png","id":153,"size":"","alt":"","source":"library"},"text":"Your Text","mouse_speed":{"unit":"px","size":-2,"sizes":[]},"_element_width":"auto","_position":"absolute","_offset_x":{"unit":"px","size":-90,"sizes":[]},"_offset_y":{"unit":"px","size":-80,"sizes":[]},"_z_index":-1,"hide_tablet_extra":"hidden-tablet_extra","hide_tablet":"hidden-tablet","hide_mobile":"hidden-mobile","hide_mobile_extra":"hidden-mobile_extra"},"elements":[],"isInner":false,"widgetType":"edublink-animation","elType":"widget"},{"id":"7aefe097","settings":{"structure":"20","gap":"no"},"elements":[{"id":"2d7587ca","settings":{"_column_size":50,"_inline_size":null,"align":"center","border_border":"solid","border_width":{"unit":"px","top":"0","right":"0.8","bottom":"0.8","left":"0","isLinked":false},"border_color":"#E5E5E5","padding":{"unit":"px","top":"38","right":"30","bottom":"38","left":"30","isLinked":false},"border_width_mobile":{"unit":"px","top":"0","right":"0","bottom":"0","left":"0","isLinked":true},"padding_mobile":{"unit":"px","top":"25","right":"25","bottom":"25","left":"25","isLinked":true}},"elements":[{"id":"46d1b09e","settings":{"ending_number":"45.2","suffix":"K","alignment":"center","ending_number_typography_typography":"custom","ending_number_typography_font_size":{"unit":"px","size":36,"sizes":[]},"ending_number_typography_font_weight":"800","ending_number_typography_line_height":{"unit":"custom","size":"1.39","sizes":[]},"ending_number_color":"#1AB69D","ending_number_typography_font_size_tablet":{"unit":"px","size":30,"sizes":[]},"ending_number_typography_font_size_mobile":{"unit":"px","size":26,"sizes":[]},"ending_number_typography_line_height_tablet_extra":{"unit":"custom","size":"","sizes":[]},"ending_number_typography_line_height_tablet":{"unit":"px","size":41.7,"sizes":[]},"ending_number_typography_line_height_mobile":{"unit":"px","size":"","sizes":[]},"suffix_typography_font_weight":"800","_margin":{"unit":"px","top":"0","right":"0","bottom":"-15","left":"0","isLinked":false}},"elements":[],"isInner":false,"widgetType":"edublink-counterup","elType":"widget"},{"id":"79a059f6","settings":{"title":"Student Enrolled","header_size":"h6","align":"center","typography_typography":"custom","typography_font_size":{"unit":"px","size":13,"sizes":[]},"typography_font_weight":"500","typography_text_transform":"uppercase","typography_line_height":{"unit":"px","size":21.6,"sizes":[]}},"elements":[],"isInner":false,"widgetType":"heading","elType":"widget"}],"isInner":true,"elType":"column"},{"id":"444c8263","settings":{"_column_size":50,"_inline_size":null,"align":"center","border_border":"solid","border_width":{"unit":"px","top":"0","right":"0","bottom":"0.8","left":"0","isLinked":false},"border_color":"#E5E5E5","padding":{"unit":"px","top":"38","right":"30","bottom":"38","left":"30","isLinked":false},"border_width_mobile":{"unit":"px","top":"0","right":"0","bottom":"0","left":"0","isLinked":true},"padding_mobile":{"unit":"px","top":"25","right":"25","bottom":"25","left":"25","isLinked":true}},"elements":[{"id":"14e8e16e","settings":{"ending_number":"32.4","suffix":"K","alignment":"center","ending_number_typography_typography":"custom","ending_number_typography_font_size":{"unit":"px","size":36,"sizes":[]},"ending_number_typography_font_weight":"800","ending_number_typography_line_height":{"unit":"custom","size":"1.39","sizes":[]},"ending_number_color":"#EE4A62","ending_number_typography_font_size_tablet":{"unit":"px","size":30,"sizes":[]},"ending_number_typography_font_size_mobile":{"unit":"px","size":26,"sizes":[]},"ending_number_typography_line_height_tablet_extra":{"unit":"custom","size":"","sizes":[]},"ending_number_typography_line_height_tablet":{"unit":"custom","size":"","sizes":[]},"ending_number_typography_line_height_mobile":{"unit":"custom","size":"","sizes":[]},"suffix_typography_font_weight":"800","_margin":{"unit":"px","top":"0","right":"0","bottom":"-15","left":"0","isLinked":false}},"elements":[],"isInner":false,"widgetType":"edublink-counterup","elType":"widget"},{"id":"1db711cb","settings":{"title":"CLASS COMPLETED","header_size":"h6","align":"center","typography_typography":"custom","typography_font_size":{"unit":"px","size":13,"sizes":[]},"typography_font_weight":"500","typography_text_transform":"uppercase","typography_line_height":{"unit":"px","size":21.6,"sizes":[]}},"elements":[],"isInner":false,"widgetType":"heading","elType":"widget"}],"isInner":true,"elType":"column"}],"isInner":true,"elType":"section"},{"id":"2f9edc1b","settings":{"structure":"20","gap":"no"},"elements":[{"id":"6dc9e26b","settings":{"_column_size":50,"_inline_size":null,"align":"center","border_border":"solid","border_width":{"unit":"px","top":"0","right":"0.8","bottom":"0","left":"0","isLinked":false},"border_color":"#E5E5E5","padding":{"unit":"px","top":"38","right":"30","bottom":"38","left":"30","isLinked":false},"border_width_mobile":{"unit":"px","top":"0","right":"0","bottom":"0","left":"0","isLinked":true},"padding_mobile":{"unit":"px","top":"25","right":"25","bottom":"25","left":"25","isLinked":true}},"elements":[{"id":"5cf44e87","settings":{"ending_number":"354","suffix":"+","alignment":"center","ending_number_typography_typography":"custom","ending_number_typography_font_size":{"unit":"px","size":36,"sizes":[]},"ending_number_typography_font_weight":"800","ending_number_typography_line_height":{"unit":"custom","size":"1.39","sizes":[]},"ending_number_color":"#F8941F","ending_number_typography_font_size_tablet":{"unit":"px","size":30,"sizes":[]},"ending_number_typography_font_size_mobile":{"unit":"px","size":26,"sizes":[]},"ending_number_typography_line_height_tablet_extra":{"unit":"custom","size":"","sizes":[]},"ending_number_typography_line_height_tablet":{"unit":"custom","size":"","sizes":[]},"ending_number_typography_line_height_mobile":{"unit":"custom","size":"","sizes":[]},"suffix_typography_font_weight":"800","_margin":{"unit":"px","top":"0","right":"0","bottom":"-15","left":"0","isLinked":false}},"elements":[],"isInner":false,"widgetType":"edublink-counterup","elType":"widget"},{"id":"7c5341d3","settings":{"title":"TOP INSTRUCTORS","header_size":"h6","align":"center","typography_typography":"custom","typography_font_size":{"unit":"px","size":13,"sizes":[]},"typography_font_weight":"500","typography_text_transform":"uppercase","typography_line_height":{"unit":"px","size":21.6,"sizes":[]}},"elements":[],"isInner":false,"widgetType":"heading","elType":"widget"}],"isInner":true,"elType":"column"},{"id":"76234c7e","settings":{"_column_size":50,"_inline_size":null,"align":"center","border_width":{"unit":"px","top":"0","right":"0.8","bottom":"0","left":"0","isLinked":false},"border_color":"#E5E5E5","padding":{"unit":"px","top":"38","right":"30","bottom":"38","left":"30","isLinked":false},"border_width_mobile":{"unit":"px","top":"0","right":"0","bottom":"0","left":"0","isLinked":true},"padding_mobile":{"unit":"px","top":"25","right":"25","bottom":"25","left":"25","isLinked":true}},"elements":[{"id":"3fb6b64","settings":{"ending_number":"99.9","suffix":"%","alignment":"center","ending_number_typography_typography":"custom","ending_number_typography_font_size":{"unit":"px","size":36,"sizes":[]},"ending_number_typography_font_weight":"800","ending_number_typography_line_height":{"unit":"custom","size":"1.39","sizes":[]},"ending_number_color":"#8E56FF","ending_number_typography_font_size_tablet":{"unit":"px","size":30,"sizes":[]},"ending_number_typography_font_size_mobile":{"unit":"px","size":26,"sizes":[]},"ending_number_typography_line_height_tablet_extra":{"unit":"custom","size":"","sizes":[]},"ending_number_typography_line_height_tablet":{"unit":"custom","size":"","sizes":[]},"ending_number_typography_line_height_mobile":{"unit":"custom","size":"","sizes":[]},"suffix_typography_font_weight":"800","_margin":{"unit":"px","top":"0","right":"0","bottom":"-15","left":"0","isLinked":false}},"elements":[],"isInner":false,"widgetType":"edublink-counterup","elType":"widget"},{"id":"62a612c1","settings":{"title":"SATISFACTION RATE","header_size":"h6","align":"center","typography_typography":"custom","typography_font_size":{"unit":"px","size":13,"sizes":[]},"typography_font_weight":"500","typography_text_transform":"uppercase","typography_line_height":{"unit":"px","size":21.6,"sizes":[]}},"elements":[],"isInner":false,"widgetType":"heading","elType":"widget"}],"isInner":true,"elType":"column"}],"isInner":true,"elType":"section"},{"id":"5a6fc9a2","settings":{"image":{"url":"https:\/\/devsedu.softatomic.com\/wp-content\/uploads\/2023\/05\/shape-04.png","id":762,"size":"","alt":"","source":"library"},"text":"Your Text","mouse_speed":{"unit":"px","size":1.6,"sizes":[]},"_element_width":"auto","_position":"absolute","_offset_orientation_h":"end","_offset_x":{"unit":"px","size":-80,"sizes":[]},"_offset_x_end":{"unit":"px","size":-70,"sizes":[]},"_offset_orientation_v":"end","_offset_y":{"unit":"px","size":-80,"sizes":[]},"_offset_y_end":{"unit":"px","size":-70,"sizes":[]},"_z_index":-1,"hide_tablet_extra":"hidden-tablet_extra","hide_tablet":"hidden-tablet","hide_mobile":"hidden-mobile","hide_mobile_extra":"hidden-mobile_extra"},"elements":[],"isInner":false,"widgetType":"edublink-animation","elType":"widget"},{"id":"6fb42c74","settings":{"image":{"url":"https:\/\/devsedu.softatomic.com\/wp-content\/uploads\/2023\/05\/shape-05.png","id":761,"size":"","alt":"","source":"library"},"text":"Your Text","mouse_speed":{"unit":"px","size":-1.6,"sizes":[]},"_element_width":"auto","_position":"absolute","_offset_orientation_h":"end","_offset_x":{"unit":"px","size":-80,"sizes":[]},"_offset_x_end":{"unit":"px","size":30,"sizes":[]},"_offset_orientation_v":"end","_offset_y":{"unit":"px","size":-80,"sizes":[]},"_offset_y_end":{"unit":"px","size":-60,"sizes":[]},"_z_index":-1,"hide_tablet_extra":"hidden-tablet_extra","hide_tablet":"hidden-tablet","hide_mobile":"hidden-mobile","hide_mobile_extra":"hidden-mobile_extra"},"elements":[],"isInner":false,"widgetType":"edublink-animation","elType":"widget"}],"isInner":false,"elType":"column"}],"isInner":false,"elType":"section"},{"id":"35532b7e","settings":{"content_width":{"unit":"px","size":1200,"sizes":[]},"gap":"extended","structure":"20","padding":{"unit":"px","top":"95","right":"0","bottom":"55","left":"0","isLinked":false},"padding_tablet":{"unit":"px","top":"80","right":"0","bottom":"35","left":"0","isLinked":false},"padding_mobile":{"unit":"px","top":"60","right":"0","bottom":"15","left":"0","isLinked":false}},"elements":[{"id":"47a38572","settings":{"_column_size":50,"_inline_size":40,"_inline_size_tablet":100,"margin":{"unit":"px","top":"0","right":"60","bottom":"0","left":"0","isLinked":false},"margin_tablet":{"unit":"px","top":"0","right":"0","bottom":"0","left":"0","isLinked":false},"animation":"edublink--slide-up","animation_delay":50},"elements":[{"id":"6f8ed404","settings":{"pre_heading":"TESTIMONIALS","heading":"What Our Students Have To Say","sub_heading":"Lorem ipsum dolor sit amet consectur adipiscing elit sed eiusmod tempor incididunt labore dolore magna aliquaenim minim ve."},"elements":[],"isInner":false,"widgetType":"edublink-heading","elType":"widget"},{"id":"5313dbf5","settings":{"size":"large","text":"View All"},"elements":[],"isInner":false,"widgetType":"edublink-button","elType":"widget"}],"isInner":false,"elType":"column"},{"id":"4bfcf08b","settings":{"_column_size":50,"_inline_size":60,"_inline_size_tablet":100},"elements":[{"id":"61b56737","settings":{"testimonials":[{"name":"Bob Limones","_id":"f39b7d1","testimonial":"Lorem ipsum dolor amet consec tur elit adicing sed do usmod zx tempor enim minim veniam quis nostrud exer citation.","designation":"Student","thumb":{"id":7429,"url":"https:\/\/devsedu.softatomic.com\/wp-content\/uploads\/2023\/06\/testimonial-01.png","alt":"","source":"library","size":""},"logo":{"id":7401,"url":"https:\/\/devsedu.softatomic.com\/wp-content\/uploads\/2023\/06\/placeholder-149.png"}},{"name":"David Owens","_id":"76ca1dd","testimonial":"Lorem ipsum dolor amet consec tur elit adicing sed do usmod zx tempor enim minim veniam quis nostrud exer citation.","designation":"Designer","thumb":{"id":7428,"url":"https:\/\/devsedu.softatomic.com\/wp-content\/uploads\/2023\/06\/testimonial-04.jpg","alt":"","source":"library","size":""},"logo":{"id":7399,"url":"https:\/\/devsedu.softatomic.com\/wp-content\/uploads\/2023\/06\/placeholder-147.png"}},{"name":"Tom Hurley","_id":"4015e78","testimonial":"Lorem ipsum dolor amet consec tur elit adicing sed do usmod zx tempor enim minim veniam quis nostrud exer citation.","designation":"Content Creator","thumb":{"id":7430,"url":"https:\/\/devsedu.softatomic.com\/wp-content\/uploads\/2023\/06\/testimonial-02.png","alt":"","source":"library","size":""},"logo":{"id":7403,"url":"https:\/\/devsedu.softatomic.com\/wp-content\/uploads\/2023\/06\/placeholder-151.png"}},{"name":"Robert Lane","_id":"849f7a6","testimonial":"Lorem ipsum dolor amet consec tur elit adicing sed do usmod zx tempor enim minim veniam quis nostrud exer citation.","designation":"Developer","thumb":{"id":7427,"url":"https:\/\/devsedu.softatomic.com\/wp-content\/uploads\/2023\/06\/testimonial-03.png","alt":"","source":"library","size":""},"logo":{"id":7405,"url":"https:\/\/devsedu.softatomic.com\/wp-content\/uploads\/2023\/06\/placeholder-153.png"}}],"pa_condition_repeater":[],"pa_cursor_ftext":"Premium Follow Text","pa_badge_text":"New","premium_mscroll_repeater":[],"pre_heading":"TESTIMONIALS","heading":"What Our Students Say"},"elements":[],"isInner":false,"widgetType":"edublink-testimonial","elType":"widget"}],"isInner":false,"elType":"column"}],"isInner":false,"elType":"section"},{"id":"247b310","settings":{"content_width":{"unit":"px","size":800,"sizes":[]},"margin":{"unit":"px","top":"","right":0,"bottom":"","left":0,"isLinked":true},"gap":"extended"},"elements":[{"id":"1effb02c","settings":{"_column_size":100,"_inline_size":null,"background_background":"gradient","background_color":"#31B978","background_color_b":"#1AB69D","background_gradient_angle":{"unit":"deg","size":-90,"sizes":[]},"background_overlay_background":"classic","background_overlay_image":{"url":"https:\/\/devsedu.softatomic.com\/wp-content\/uploads\/2023\/05\/cta-bg-imgae-07.png","id":952,"size":"","alt":"","source":"library"},"background_overlay_opacity":{"unit":"px","size":1,"sizes":[]},"border_radius":{"unit":"px","top":"10","right":"10","bottom":"10","left":"10","isLinked":true},"margin":{"unit":"px","top":"0","right":"15","bottom":"0","left":"15","isLinked":false},"padding":{"unit":"px","top":"50","right":"50","bottom":"50","left":"50","isLinked":true},"padding_tablet":{"unit":"px","top":"40","right":"30","bottom":"40","left":"30","isLinked":false},"background_overlay_position":"center center","background_overlay_repeat":"no-repeat","background_overlay_size":"cover"},"elements":[{"id":"2eeaa6","settings":{"image":{"url":"https:\/\/devsedu.softatomic.com\/wp-content\/uploads\/2023\/05\/shape-12.png","id":944,"size":"","alt":"","source":"library"},"text":"Your Text","mouse_speed":{"unit":"px","size":-2,"sizes":[]},"_element_width":"auto","_position":"absolute","_offset_x":{"unit":"px","size":-70,"sizes":[]},"_offset_y":{"unit":"px","size":-30,"sizes":[]},"_z_index":-1,"hide_tablet_extra":"hidden-tablet_extra","hide_tablet":"hidden-tablet","hide_mobile":"hidden-mobile","hide_mobile_extra":"hidden-mobile_extra"},"elements":[],"isInner":false,"widgetType":"edublink-animation","elType":"widget"},{"id":"6e072737","settings":{"image":{"url":"https:\/\/devsedu.softatomic.com\/wp-content\/uploads\/2023\/05\/shape-06.png","id":943,"size":"","alt":"","source":"library"},"text":"Your Text","mouse_speed":{"unit":"px","size":2,"sizes":[]},"_element_width":"auto","_position":"absolute","_offset_x":{"unit":"px","size":-120,"sizes":[]},"_offset_y":{"unit":"px","size":-10,"sizes":[]},"hide_tablet_extra":"hidden-tablet_extra","hide_tablet":"hidden-tablet","hide_mobile":"hidden-mobile","hide_mobile_extra":"hidden-mobile_extra"},"elements":[],"isInner":false,"widgetType":"edublink-animation","elType":"widget"},{"id":"1ba1dc6d","settings":{"image":{"url":"https:\/\/devsedu.softatomic.com\/wp-content\/uploads\/2023\/05\/shape-04-1.png","id":945,"size":"","alt":"","source":"library"},"text":"Your Text","mouse_speed":{"unit":"px","size":-3,"sizes":[]},"_element_width":"auto","_position":"absolute","_offset_orientation_h":"end","_offset_x":{"unit":"px","size":-80,"sizes":[]},"_offset_x_end":{"unit":"px","size":-50,"sizes":[]},"_offset_orientation_v":"end","_offset_y":{"unit":"px","size":-80,"sizes":[]},"_offset_y_end":{"unit":"px","size":-50,"sizes":[]},"_z_index":-1,"hide_tablet_extra":"hidden-tablet_extra","hide_tablet":"hidden-tablet","hide_mobile":"hidden-mobile","hide_mobile_extra":"hidden-mobile_extra"},"elements":[],"isInner":false,"widgetType":"edublink-animation","elType":"widget"},{"id":"a0139a4","settings":{"structure":"30","gap":"no"},"elements":[{"id":"a74efac","settings":{"_column_size":33,"_inline_size":40,"_inline_size_tablet":100},"elements":[{"id":"458fbb32","settings":{"title":"Get In Touch:","header_size":"h5","align":"right","title_color":"#FFFFFF","typography_typography":"custom","typography_font_size":{"unit":"px","size":18,"sizes":[]},"typography_font_weight":"500","align_tablet":"center","typography_line_height":{"unit":"custom","size":"1.73","sizes":[]},"typography_line_height_tablet_extra":{"unit":"custom","size":"","sizes":[]},"typography_line_height_tablet":{"unit":"custom","size":"","sizes":[]},"typography_line_height_mobile":{"unit":"custom","size":"","sizes":[]}},"elements":[],"isInner":false,"widgetType":"heading","elType":"widget"},{"id":"4d2c64f7","settings":{"title":"info@edublink","link":{"url":"mailto:info@edublink.com","is_external":"","nofollow":"","custom_attributes":""},"header_size":"h3","align":"right","title_color":"#FFFFFF","typography_typography":"custom","typography_font_size":{"unit":"px","size":26,"sizes":[]},"typography_font_weight":"700","_margin":{"unit":"px","top":"-15","right":"0","bottom":"-15","left":"0","isLinked":false},"align_tablet":"center","typography_font_size_tablet":{"unit":"px","size":20,"sizes":[]},"_margin_tablet":{"unit":"px","top":"-15","right":"0","bottom":"0","left":"0","isLinked":false},"typography_line_height_tablet_extra":{"unit":"custom","size":"","sizes":[]},"typography_line_height_tablet":{"unit":"custom","size":"","sizes":[]},"typography_line_height_mobile":{"unit":"custom","size":"","sizes":[]}},"elements":[],"isInner":false,"widgetType":"heading","elType":"widget"}],"isInner":true,"elType":"column"},{"id":"4a1aca49","settings":{"_column_size":33,"_inline_size":19.333,"align":"center","_inline_size_tablet":100},"elements":[{"id":"6cf29dc8","settings":{"title":"or","align":"center","title_color":"#1AB69D","typography_typography":"custom","typography_font_family":"Poppins","typography_font_size":{"unit":"px","size":24,"sizes":[]},"typography_font_weight":"600","_padding":{"unit":"px","top":"18","right":"18","bottom":"18","left":"18","isLinked":true},"_element_width":"auto","_element_vertical_align":"flex-start","_background_background":"classic","_background_color":"#FFFFFF","_border_border":"solid","_border_width":{"unit":"px","top":"4","right":"4","bottom":"4","left":"4","isLinked":true},"_border_color":"#1AB69D33","_border_radius":{"unit":"%","top":"50","right":"50","bottom":"50","left":"50","isLinked":true},"_border_radius_tablet_extra":{"unit":"%","top":"","right":"","bottom":"","left":"","isLinked":true},"_border_radius_tablet":{"unit":"%","top":"","right":"","bottom":"","left":"","isLinked":true},"_border_radius_mobile":{"unit":"%","top":"","right":"","bottom":"","left":"","isLinked":true},"_margin_tablet":{"unit":"px","top":"20","right":"0","bottom":"20","left":"0","isLinked":false}},"elements":[],"isInner":false,"widgetType":"heading","elType":"widget"}],"isInner":true,"elType":"column"},{"id":"360a734b","settings":{"_column_size":33,"_inline_size":40,"_inline_size_tablet":100},"elements":[{"id":"40a1d54a","settings":{"title":"Call Us Via:","header_size":"h5","title_color":"#FFFFFF","typography_typography":"custom","typography_font_size":{"unit":"px","size":18,"sizes":[]},"typography_font_weight":"500","align_tablet":"center","typography_line_height":{"unit":"custom","size":"1.73","sizes":[]},"typography_line_height_tablet_extra":{"unit":"custom","size":"","sizes":[]},"typography_line_height_tablet":{"unit":"custom","size":"","sizes":[]},"typography_line_height_mobile":{"unit":"custom","size":"","sizes":[]}},"elements":[],"isInner":false,"widgetType":"heading","elType":"widget"},{"id":"5e67c986","settings":{"title":"+01 123 5641 231","link":{"url":"tel:+011235641231","is_external":"","nofollow":"","custom_attributes":""},"header_size":"h3","title_color":"#FFFFFF","typography_typography":"custom","typography_font_size":{"unit":"px","size":26,"sizes":[]},"typography_font_weight":"700","_margin":{"unit":"px","top":"-15","right":"0","bottom":"-15","left":"0","isLinked":false},"align_tablet":"center","typography_font_size_tablet":{"unit":"px","size":20,"sizes":[]},"typography_line_height_tablet_extra":{"unit":"custom","size":"","sizes":[]},"typography_line_height_tablet":{"unit":"custom","size":"","sizes":[]},"typography_line_height_mobile":{"unit":"custom","size":"","sizes":[]},"_margin_tablet":{"unit":"px","top":"-15","right":"0","bottom":"0","left":"0","isLinked":false}},"elements":[],"isInner":false,"widgetType":"heading","elType":"widget"}],"isInner":true,"elType":"column"}],"isInner":true,"elType":"section"}],"isInner":false,"elType":"column"}],"isInner":false,"elType":"section"},{"id":"5c186d46","settings":{"content_width":{"unit":"px","size":1200,"sizes":[]},"gap":"extended","padding":{"unit":"px","top":"100","right":"0","bottom":"100","left":"0","isLinked":false},"padding_tablet":{"unit":"px","top":"80","right":"0","bottom":"80","left":"0","isLinked":false},"padding_mobile":{"unit":"px","top":"60","right":"0","bottom":"60","left":"0","isLinked":false}},"elements":[{"id":"362db32b","settings":{"_column_size":100,"_inline_size":null},"elements":[{"id":"350a2067","settings":{"pre_heading":"INSTRUCTORS","heading":"Course Instructors","alignment":"center","_margin":{"unit":"px","top":"0","right":"0","bottom":"20","left":"0","isLinked":false},"_animation":"edublink--slide-up","_animation_delay":150},"elements":[],"isInner":false,"widgetType":"edublink-heading","elType":"widget"},{"id":"54345aa5","settings":{"members":[{"name":"Jane Seymour","_id":"ba852e2","designation":"UI Designer","details":"Consectetur adipisicing elit, sed do eius mod tempor incididunt","thumb":{"url":"https:\/\/devsedu.softatomic.com\/wp-content\/uploads\/2023\/06\/team-01.webp","id":7620,"size":"","alt":"","source":"library"},"facebook":"#","twitter":"#","linkedin":"#","link":{"url":"https:\/\/demo.edublink.co\/instructor-details\/","is_external":"","nofollow":"","custom_attributes":""}},{"name":"Edward Norton","_id":"75c2f70","designation":"Web Developer","details":"Consectetur adipisicing elit, sed do eius mod tempor incididunt","thumb":{"url":"https:\/\/devsedu.softatomic.com\/wp-content\/uploads\/2023\/06\/team-02.webp","id":7621,"size":"","alt":"","source":"library"},"facebook":"#","twitter":"#","linkedin":"#","link":{"url":"https:\/\/demo.edublink.co\/instructor-details\/","is_external":"","nofollow":"","custom_attributes":""}},{"name":"Penelope Cruz","_id":"3ee16be","designation":"Digital Marketer","details":"Consectetur adipisicing elit, sed do eius mod tempor incididunt","thumb":{"url":"https:\/\/devsedu.softatomic.com\/wp-content\/uploads\/2023\/06\/team-03.webp","id":7622,"size":"","alt":"","source":"library"},"facebook":"#","twitter":"#","linkedin":"#","link":{"url":"https:\/\/demo.edublink.co\/instructor-details\/","is_external":"","nofollow":"","custom_attributes":""}},{"name":"John Travolta","_id":"b68d9ff","designation":"WordPress Expert","details":"Consectetur adipisicing elit, sed do eius mod tempor incididunt","thumb":{"url":"https:\/\/devsedu.softatomic.com\/wp-content\/uploads\/2023\/06\/team-04.webp","id":7619,"size":"","alt":"","source":"library"},"facebook":"#","twitter":"#","linkedin":"#","link":{"url":"https:\/\/demo.edublink.co\/instructor-details\/","is_external":"","nofollow":"","custom_attributes":""}}],"tablet_grid_columns":"2","desktop_grid_columns":"4","mobile_grid_columns":"2","_animation":"edublink--slide-up","_animation_delay":150},"elements":[],"isInner":false,"widgetType":"edublink-team","elType":"widget"}],"isInner":false,"elType":"column"}],"isInner":false,"elType":"section"},{"id":"56ec2e26","settings":{"content_width":{"unit":"px","size":1200,"sizes":[]},"gap":"extended","background_background":"classic","background_color":"#F0F4F5","background_image":{"url":"https:\/\/demo.edublink.co\/wp-content\/uploads\/2023\/11\/cta-bg-1.jpg","id":16000,"size":"","alt":"","source":"library"},"background_position":"center center","background_repeat":"no-repeat","background_size":"cover","background_overlay_background":"classic","background_overlay_image":{"url":"","id":"","size":"","alt":"","source":"library"},"background_overlay_position":"center center","background_overlay_repeat":"no-repeat","background_overlay_size":"cover","background_overlay_opacity":{"unit":"px","size":1,"sizes":[]},"css_filters_brightness":{"unit":"px","size":0,"sizes":[]},"css_filters_saturate":{"unit":"px","size":165,"sizes":[]},"css_filters_hue":{"unit":"px","size":170,"sizes":[]},"padding":{"unit":"px","top":"87","right":"0","bottom":"95","left":"0","isLinked":false},"padding_tablet":{"unit":"px","top":"65","right":"0","bottom":"65","left":"0","isLinked":false},"overflow":"hidden","background_overlay_opacity_mobile":{"unit":"px","size":0,"sizes":[]}},"elements":[{"id":"42a3693e","settings":{"_column_size":100,"_inline_size":null,"animation":"edublink--slide-up","animation_delay":150},"elements":[{"id":"73e2a895","settings":{"image":{"url":"https:\/\/devsedu.softatomic.com\/wp-content\/uploads\/2023\/05\/shape-15.png","id":168,"size":"","alt":"","source":"library"},"text":"Your Text","mouse_speed":{"unit":"px","size":-2.5,"sizes":[]},"_element_width":"auto","_position":"absolute","_offset_x":{"size":30,"unit":"px"},"_offset_x_end":{"unit":"px","size":-230,"sizes":[]},"_offset_orientation_v":"end","_offset_y":{"unit":"px","size":-40,"sizes":[]},"_offset_y_end":{"size":10,"unit":"px"},"hide_tablet_extra":"hidden-tablet_extra","hide_tablet":"hidden-tablet","hide_mobile":"hidden-mobile","hide_mobile_extra":"hidden-mobile_extra"},"elements":[],"isInner":false,"widgetType":"edublink-animation","elType":"widget"},{"id":"1de83c42","settings":{"image":{"url":"https:\/\/devsedu.softatomic.com\/wp-content\/uploads\/2023\/05\/shape-10.png","id":1166,"size":"","alt":"","source":"library"},"text":"Your Text","mouse_speed":{"unit":"px","size":2.5,"sizes":[]},"_element_width":"auto","_position":"absolute","_offset_x":{"unit":"px","size":-50,"sizes":[]},"_offset_x_end":{"unit":"px","size":-180,"sizes":[]},"_offset_orientation_v":"end","_offset_y":{"unit":"px","size":-100,"sizes":[]},"_offset_y_end":{"unit":"px","size":-50,"sizes":[]},"_animation":"fadeIn","hide_tablet_extra":"hidden-tablet_extra","hide_tablet":"hidden-tablet","hide_mobile":"hidden-mobile","hide_mobile_extra":"hidden-mobile_extra"},"elements":[],"isInner":false,"widgetType":"edublink-animation","elType":"widget"},{"id":"69a79360","settings":{"image":{"url":"https:\/\/devsedu.softatomic.com\/wp-content\/uploads\/2023\/05\/shape-02.png","id":170,"size":"","alt":"","source":"library"},"text":"Your Text","mouse_speed":{"unit":"px","size":-2,"sizes":[]},"_element_width":"auto","_position":"absolute","_offset_orientation_h":"end","_offset_x_end":{"unit":"px","size":-230,"sizes":[]},"_offset_y":{"unit":"px","size":-55,"sizes":[]},"hide_tablet_extra":"hidden-tablet_extra","hide_tablet":"hidden-tablet","hide_mobile":"hidden-mobile","_title":"Animation","hide_mobile_extra":"hidden-mobile_extra"},"elements":[],"isInner":false,"widgetType":"edublink-animation","elType":"widget"},{"id":"7dd6cc28","settings":{"image":{"url":"https:\/\/devsedu.softatomic.com\/wp-content\/uploads\/2023\/05\/shape-13.png","id":153,"size":"","alt":"","source":"library"},"text":"Your Text","mouse_speed":{"unit":"px","size":2,"sizes":[]},"_element_width":"auto","_position":"absolute","_offset_orientation_h":"end","_offset_x_end":{"unit":"px","size":-180,"sizes":[]},"_offset_y":{"unit":"px","size":-120,"sizes":[]},"hide_tablet_extra":"hidden-tablet_extra","hide_tablet":"hidden-tablet","hide_mobile":"hidden-mobile","_title":"Animation","hide_mobile_extra":"hidden-mobile_extra"},"elements":[],"isInner":false,"widgetType":"edublink-animation","elType":"widget"},{"id":"2754642","settings":{"title":"Get Your Quality Skills <span class=\"edublink-color-secondary\">Certificate<\/span> <br>\nThrough EduBlink","align":"center","typography_typography":"custom","typography_font_size_tablet":{"unit":"px","size":30,"sizes":[]},"typography_font_size_mobile":{"unit":"px","size":26,"sizes":[]},"typography_line_height":{"unit":"custom","size":"1.39","sizes":[]},"typography_line_height_tablet_extra":{"unit":"custom","size":"","sizes":[]},"typography_line_height_tablet":{"unit":"custom","size":"","sizes":[]},"typography_line_height_mobile":{"unit":"custom","size":"","sizes":[]},"_margin":{"unit":"px","top":"0","right":"0","bottom":"10","left":"0","isLinked":false},"_css_classes":"edublink-br-tl-none"},"elements":[],"isInner":false,"widgetType":"heading","elType":"widget"},{"id":"5ccfc2c1","settings":{"text":"Get started now","alignment":"center","url":{"url":"https:\/\/demo.edublink.co\/contact-us","is_external":"","nofollow":"","custom_attributes":""}},"elements":[],"isInner":false,"widgetType":"edublink-button","elType":"widget"}],"isInner":false,"elType":"column"}],"isInner":false,"elType":"section"},{"id":"c25c84d","settings":{"content_width":{"unit":"px","size":1200,"sizes":[]},"gap":"extended","structure":"20","padding":{"unit":"px","top":"105","right":"0","bottom":"85","left":"0","isLinked":false},"padding_tablet":{"unit":"px","top":"80","right":"0","bottom":"65","left":"0","isLinked":false},"padding_mobile":{"unit":"px","top":"61","right":"0","bottom":"45","left":"0","isLinked":false}},"elements":[{"id":"5ae38d11","settings":{"_column_size":50,"_inline_size":40,"_inline_size_tablet":100,"margin":{"unit":"px","top":"0","right":"65","bottom":"0","left":"0","isLinked":false},"margin_tablet":{"unit":"px","top":"0","right":"0","bottom":"0","left":"0","isLinked":false}},"elements":[{"id":"6f9701f5","settings":{"pre_heading":"OUR PARTNERS","heading":"Learn with Our Partners","sub_heading":"Lorem ipsum dolor sit amet consectur adipiscing elit sed eiusmod tempor incididunt.","_animation":"edublink--slide-up","_animation_delay":50},"elements":[],"isInner":false,"widgetType":"edublink-heading","elType":"widget"}],"isInner":false,"elType":"column"},{"id":"70c50d61","settings":{"_column_size":50,"_inline_size":60,"_inline_size_tablet":100,"margin_tablet":{"unit":"px","top":"10","right":"0","bottom":"0","left":"0","isLinked":false}},"elements":[{"id":"758c0a71","settings":{"structure":"40","gap":"no"},"elements":[{"id":"497a5220","settings":{"_column_size":25,"_inline_size":null,"_inline_size_mobile":25,"border_border":"solid","border_width":{"unit":"px","top":"0","right":"1","bottom":"1","left":"1","isLinked":false},"border_color":"#F0F0F0","padding":{"unit":"px","top":"18","right":"5","bottom":"18","left":"5","isLinked":false},"box_shadow_hover_box_shadow_type":"yes","box_shadow_hover_box_shadow":{"horizontal":0,"vertical":10,"blur":50,"spread":0,"color":"rgba(25.999999999999996, 46, 84.99999999999999, 0.1)"},"background_background":"classic"},"elements":[{"id":"3f291735","settings":{"image":{"id":1211,"url":"https:\/\/devsedu.softatomic.com\/wp-content\/uploads\/2023\/05\/brand-01.png","alt":"","source":"library","size":""},"image_box_shadow_box_shadow":{"horizontal":0,"vertical":10,"blur":50,"spread":0,"color":"rgba(26.000000000000007, 45.99999999999998, 84.99999999999996, 0)"}},"elements":[],"isInner":false,"widgetType":"image","elType":"widget"}],"isInner":true,"elType":"column"},{"id":"5602cb80","settings":{"_column_size":25,"_inline_size":null,"_inline_size_mobile":25,"border_border":"solid","border_width":{"unit":"px","top":"0","right":"1","bottom":"1","left":"0","isLinked":false},"border_color":"#F0F0F0","padding":{"unit":"px","top":"18","right":"5","bottom":"18","left":"5","isLinked":false},"box_shadow_hover_box_shadow_type":"yes","box_shadow_hover_box_shadow":{"horizontal":0,"vertical":10,"blur":50,"spread":0,"color":"rgba(25.999999999999996, 46, 84.99999999999999, 0.1)"}},"elements":[{"id":"3cbadd8b","settings":{"image":{"id":1212,"url":"https:\/\/devsedu.softatomic.com\/wp-content\/uploads\/2023\/05\/brand-02.png","alt":"","source":"library","size":""}},"elements":[],"isInner":false,"widgetType":"image","elType":"widget"}],"isInner":true,"elType":"column"},{"id":"b386398","settings":{"_column_size":25,"_inline_size":null,"_inline_size_mobile":25,"border_border":"solid","border_width":{"unit":"px","top":"0","right":"1","bottom":"1","left":"0","isLinked":false},"border_color":"#F0F0F0","padding":{"unit":"px","top":"18","right":"5","bottom":"18","left":"5","isLinked":false},"box_shadow_hover_box_shadow_type":"yes","box_shadow_hover_box_shadow":{"horizontal":0,"vertical":10,"blur":50,"spread":0,"color":"rgba(25.999999999999996, 46, 84.99999999999999, 0.1)"}},"elements":[{"id":"79f5647a","settings":{"image":{"id":1213,"url":"https:\/\/devsedu.softatomic.com\/wp-content\/uploads\/2023\/05\/brand-03.png","alt":"","source":"library","size":""}},"elements":[],"isInner":false,"widgetType":"image","elType":"widget"}],"isInner":true,"elType":"column"},{"id":"43cc7617","settings":{"_column_size":25,"_inline_size":null,"_inline_size_mobile":25,"border_border":"solid","border_width":{"unit":"px","top":"0","right":"1","bottom":"1","left":"0","isLinked":false},"border_color":"#F0F0F0","padding":{"unit":"px","top":"18","right":"5","bottom":"18","left":"5","isLinked":false},"box_shadow_hover_box_shadow_type":"yes","box_shadow_hover_box_shadow":{"horizontal":0,"vertical":10,"blur":50,"spread":0,"color":"rgba(25.999999999999996, 46, 84.99999999999999, 0.1)"}},"elements":[{"id":"22eb8ebc","settings":{"image":{"id":1214,"url":"https:\/\/devsedu.softatomic.com\/wp-content\/uploads\/2023\/05\/brand-04.png","alt":"","source":"library","size":""}},"elements":[],"isInner":false,"widgetType":"image","elType":"widget"}],"isInner":true,"elType":"column"}],"isInner":true,"elType":"section"},{"id":"910fc48","settings":{"structure":"40","gap":"no"},"elements":[{"id":"36887b78","settings":{"_column_size":25,"_inline_size":null,"_inline_size_mobile":25,"border_border":"solid","border_width":{"unit":"px","top":"0","right":"1","bottom":"0","left":"1","isLinked":false},"border_color":"#F0F0F0","padding":{"unit":"px","top":"18","right":"5","bottom":"18","left":"5","isLinked":false},"box_shadow_hover_box_shadow_type":"yes","box_shadow_hover_box_shadow":{"horizontal":0,"vertical":10,"blur":50,"spread":0,"color":"rgba(25.999999999999996, 46, 84.99999999999999, 0.1)"}},"elements":[{"id":"1092663a","settings":{"image":{"id":1215,"url":"https:\/\/devsedu.softatomic.com\/wp-content\/uploads\/2023\/05\/brand-05.png","alt":"","source":"library","size":""},"image_box_shadow_box_shadow_type":"yes","image_box_shadow_box_shadow":{"horizontal":0,"vertical":10,"blur":50,"spread":0,"color":"rgba(26.000000000000007, 45.99999999999998, 84.99999999999996, 0)"}},"elements":[],"isInner":false,"widgetType":"image","elType":"widget"}],"isInner":true,"elType":"column"},{"id":"1c0d77fe","settings":{"_column_size":25,"_inline_size":null,"_inline_size_mobile":25,"border_border":"solid","border_width":{"unit":"px","top":"0","right":"1","bottom":"0","left":"0","isLinked":false},"border_color":"#F0F0F0","padding":{"unit":"px","top":"18","right":"5","bottom":"18","left":"5","isLinked":false},"box_shadow_hover_box_shadow_type":"yes","box_shadow_hover_box_shadow":{"horizontal":0,"vertical":10,"blur":50,"spread":0,"color":"rgba(25.999999999999996, 46, 84.99999999999999, 0.1)"}},"elements":[{"id":"5bcd5df5","settings":{"image":{"id":1216,"url":"https:\/\/devsedu.softatomic.com\/wp-content\/uploads\/2023\/05\/brand-06.png","alt":"","source":"library","size":""}},"elements":[],"isInner":false,"widgetType":"image","elType":"widget"}],"isInner":true,"elType":"column"},{"id":"177c88df","settings":{"_column_size":25,"_inline_size":null,"_inline_size_mobile":25,"border_border":"solid","border_width":{"unit":"px","top":"0","right":"1","bottom":"0","left":"0","isLinked":false},"border_color":"#F0F0F0","padding":{"unit":"px","top":"18","right":"5","bottom":"18","left":"5","isLinked":false},"box_shadow_hover_box_shadow_type":"yes","box_shadow_hover_box_shadow":{"horizontal":0,"vertical":10,"blur":50,"spread":0,"color":"rgba(25.999999999999996, 46, 84.99999999999999, 0.1)"}},"elements":[{"id":"588ce7a3","settings":{"image":{"id":1217,"url":"https:\/\/devsedu.softatomic.com\/wp-content\/uploads\/2023\/05\/brand-07.png","alt":"","source":"library","size":""}},"elements":[],"isInner":false,"widgetType":"image","elType":"widget"}],"isInner":true,"elType":"column"},{"id":"55ef774c","settings":{"_column_size":25,"_inline_size":null,"_inline_size_mobile":25,"border_border":"solid","border_width":{"unit":"px","top":"0","right":"1","bottom":"0","left":"0","isLinked":false},"border_color":"#F0F0F0","padding":{"unit":"px","top":"18","right":"5","bottom":"18","left":"5","isLinked":false},"box_shadow_hover_box_shadow_type":"yes","box_shadow_hover_box_shadow":{"horizontal":0,"vertical":10,"blur":50,"spread":0,"color":"rgba(25.999999999999996, 46, 84.99999999999999, 0.1)"}},"elements":[{"id":"7e2111b4","settings":{"image":{"id":1210,"url":"https:\/\/devsedu.softatomic.com\/wp-content\/uploads\/2023\/05\/brand-08.png","alt":"","source":"library","size":""}},"elements":[],"isInner":false,"widgetType":"image","elType":"widget"}],"isInner":true,"elType":"column"}],"isInner":true,"elType":"section"}],"isInner":false,"elType":"column"}],"isInner":false,"elType":"section"},{"id":"7f665f18","settings":{"gap":"no","padding":{"unit":"px","top":"0","right":"0","bottom":"105","left":"0","isLinked":false},"padding_tablet":{"unit":"px","top":"0","right":"0","bottom":"85","left":"0","isLinked":false},"padding_mobile":{"unit":"px","top":"0","right":"0","bottom":"65","left":"0","isLinked":false},"layout":"full_width"},"elements":[{"id":"526410a9","settings":{"_column_size":100},"elements":[{"id":"57856fb5","settings":{"image":{"url":"https:\/\/demo.edublink.co\/wp-content\/uploads\/2023\/06\/shape-02.png","id":4962,"size":"","alt":"","source":"library"},"text":"Your Text","mouse_speed":{"unit":"px","size":-1.4,"sizes":[]},"_element_width":"auto","_position":"absolute","_offset_x":{"unit":"px","size":-120,"sizes":[]},"_offset_y":{"unit":"px","size":-180,"sizes":[]},"hide_tablet_extra":"hidden-tablet_extra","hide_tablet":"hidden-tablet","hide_mobile_extra":"hidden-mobile_extra","hide_mobile":"hidden-mobile","_animation":"fadeIn","_animation_delay":500},"elements":[],"isInner":false,"widgetType":"edublink-animation","elType":"widget"},{"id":"49944986","settings":{"image":{"url":"https:\/\/demo.edublink.co\/wp-content\/uploads\/2023\/05\/shape-05.png","id":761,"size":"","alt":"","source":"library"},"text":"Your Text","mouse_speed":{"unit":"px","size":-2.3,"sizes":[]},"_element_width":"auto","_position":"absolute","_offset_orientation_h":"end","_offset_x_end":{"unit":"px","size":80,"sizes":[]},"_offset_orientation_v":"end","hide_tablet_extra":"hidden-tablet_extra","hide_tablet":"hidden-tablet","hide_mobile_extra":"hidden-mobile_extra","hide_mobile":"hidden-mobile","_animation":"fadeIn","_animation_delay":500,"_z_index":0},"elements":[],"isInner":false,"widgetType":"edublink-animation","elType":"widget"},{"id":"11b686a3","settings":{"content_type":"color","image":{"url":"","id":"","size":"","alt":"","source":"library"},"text":"Your Text","mouse_speed":{"unit":"px","size":2.5,"sizes":[]},"colors_color_color":"","color_height":{"unit":"px","size":100,"sizes":[]},"color_width":{"unit":"px","size":100,"sizes":[]},"color_border_border":"solid","color_border_width":{"unit":"px","top":"15","right":"15","bottom":"15","left":"15","isLinked":true},"color_border_color":"#EE4A62","color_border_radius":{"unit":"%","top":"50","right":"50","bottom":"50","left":"50","isLinked":true},"color_border_radius_tablet_extra":{"unit":"%","top":"","right":"","bottom":"","left":"","isLinked":true},"color_border_radius_tablet":{"unit":"%","top":"","right":"","bottom":"","left":"","isLinked":true},"color_border_radius_mobile_extra":{"unit":"%","top":"","right":"","bottom":"","left":"","isLinked":true},"color_border_radius_mobile":{"unit":"%","top":"","right":"","bottom":"","left":"","isLinked":true},"_element_width":"auto","_position":"absolute","_offset_x":{"unit":"px","size":50,"sizes":[]},"_offset_y":{"unit":"px","size":-10,"sizes":[]},"hide_tablet_extra":"hidden-tablet_extra","hide_tablet":"hidden-tablet","hide_mobile_extra":"hidden-mobile_extra","hide_mobile":"hidden-mobile","_animation":"fadeIn","_animation_delay":500},"elements":[],"isInner":false,"widgetType":"edublink-animation","elType":"widget"},{"id":"4f9d6a20","settings":{"gap":"extended","content_width":{"unit":"px","size":1200,"sizes":[]}},"elements":[{"id":"6eec8152","settings":{"_column_size":100},"elements":[{"id":"663fdc5","settings":{"alignment":"center","pre_heading":"LATEST ARTICLES","heading":"Get News with EduBlink","_margin":{"unit":"px","top":"0","right":"0","bottom":"20","left":"0","isLinked":false},"_animation":"edublink--slide-up","_animation_delay":100},"elements":[],"isInner":false,"widgetType":"edublink-heading","elType":"widget"},{"id":"7ca08f8c","settings":{"style":"2","thumb_size_size":"edublink-post-thumb-2","random_excerpt_number":"yes","button_text":"Learn More","per_page":{"unit":"px","size":3,"sizes":[]},"date_format":"j M, Y","custom_date_format":"F j, Y","excerpt_length":8,"excerpt_end":"...","_animation_delay":150,"_animation":"edublink--slide-up","mobile_grid_columns":"2","enable_masonry":"yes"},"elements":[],"isInner":false,"widgetType":"edublink-post","elType":"widget"}],"isInner":true,"elType":"column"}],"isInner":true,"elType":"section"}],"isInner":false,"elType":"column"}],"isInner":false,"elType":"section"}],"page_settings":[],"version":"0.4","title":"EduBlink Home Page","type":"page"}