{"content":[{"id":"73928994","settings":{"content_width":{"unit":"px","size":1200,"sizes":[]},"gap":"extended","padding":{"unit":"px","top":"120","right":"0","bottom":"0","left":"0","isLinked":false},"padding_tablet":{"unit":"px","top":"80","right":"0","bottom":"0","left":"0","isLinked":false},"structure":"20","padding_mobile_extra":{"unit":"px","top":"60","right":"0","bottom":"0","left":"0","isLinked":false}},"elements":[{"id":"474aafd2","settings":{"_column_size":50,"_inline_size":33,"_inline_size_tablet":100},"elements":[{"id":"1a9829e3","settings":{"title":"We're Always Eager to Hear From You!","header_size":"h3","typography_typography":"custom","typography_line_height":{"unit":"px","size":40,"sizes":[]}},"elements":[],"isInner":false,"widgetType":"heading","elType":"widget"},{"id":"4b5ee088","settings":{"title":"Address","header_size":"h5","typography_typography":"custom","typography_line_height":{"unit":"px","size":26,"sizes":[]},"_margin":{"unit":"px","top":"0","right":"0","bottom":"-5","left":"0","isLinked":false}},"elements":[],"isInner":false,"widgetType":"heading","elType":"widget"},{"id":"25e3063","settings":{"editor":"<p>Studio 76d, Riley Ford, North Michael chester, CF99 6QQ<\/p>","_margin":{"unit":"px","top":"-10","right":"0","bottom":"-25","left":"0","isLinked":false}},"elements":[],"isInner":false,"widgetType":"text-editor","elType":"widget"},{"id":"2a969f7b","settings":{"title":"Email","header_size":"h5","typography_typography":"custom","typography_line_height":{"unit":"px","size":26,"sizes":[]},"_margin":{"unit":"px","top":"0","right":"0","bottom":"-5","left":"0","isLinked":false}},"elements":[],"isInner":false,"widgetType":"heading","elType":"widget"},{"id":"3c64b726","settings":{"editor":"<p><a href=\"mailto:edublink@example.com\">edublink@example.com<\/a><\/p>","_margin":{"unit":"px","top":"-10","right":"0","bottom":"-20","left":"0","isLinked":false},"_css_classes":"  "},"elements":[],"isInner":false,"widgetType":"text-editor","elType":"widget"},{"id":"5f50c0c2","settings":{"title":"Phone","header_size":"h5","typography_typography":"custom","typography_line_height":{"unit":"px","size":26,"sizes":[]},"_margin":{"unit":"px","top":"0","right":"0","bottom":"-5","left":"0","isLinked":false}},"elements":[],"isInner":false,"widgetType":"heading","elType":"widget"},{"id":"489e545","settings":{"editor":"<p><a href=\"tel:(+091) 413 554 8598\">(+091) 413 554 8598<\/a><\/p>","_margin":{"unit":"px","top":"-10","right":"0","bottom":"-17","left":"0","isLinked":false}},"elements":[],"isInner":false,"widgetType":"text-editor","elType":"widget"},{"id":"2f06263f","settings":{"social_icons_list":[{"_id":"cf6a47b","social_icons":{"value":"edublink icon-share-alt","library":"edublink-custom-icons"}},{"social_icons":{"value":"edublink icon-facebook","library":"edublink-custom-icons"},"_id":"01aed80"},{"social_icons":{"value":"edublink icon-twitter","library":"edublink-custom-icons"},"_id":"9450a8b"},{"social_icons":{"value":"edublink icon-linkedin2","library":"edublink-custom-icons"},"_id":"60bf3fe"}],"color":"#808080","bg_color":"#FFFFFF","border_border":"solid","border_width":{"unit":"px","top":"1","right":"1","bottom":"1","left":"1","isLinked":true},"border_color":"#E5E5E5","hover_color":"#FFFFFF","hover_bg_color":"#1AB69D","hover_border_border":"solid","hover_border_width":{"unit":"px","top":"1","right":"1","bottom":"1","left":"1","isLinked":true},"hover_border_color":"#1AB69D","spacing":{"unit":"px","size":20,"sizes":[]},"icon_box_width":{"unit":"px","size":46,"sizes":[]},"icon_box_height":{"unit":"px","size":46,"sizes":[]},"border_radius":{"unit":"px","top":"100","right":"100","bottom":"100","left":"100","isLinked":true}},"elements":[],"isInner":false,"widgetType":"edublink-social-icons","elType":"widget"}],"isInner":false,"elType":"column"},{"id":"779c5700","settings":{"_column_size":50,"_inline_size":67,"_inline_size_tablet":100,"background_background":"classic","background_color":"#FFFFFF","margin":{"unit":"px","top":"0","right":"15","bottom":"-80","left":"220","isLinked":false},"margin_tablet":{"unit":"px","top":"0","right":"0","bottom":"0","left":"0","isLinked":false},"padding":{"unit":"px","top":"0","right":"0","bottom":"0","left":"0","isLinked":false},"z_index":2},"elements":[{"id":"7e01021e","settings":{"image":{"url":"https:\/\/demo.edublink.co\/wp-content\/uploads\/2023\/05\/shape-02.png","id":170,"size":"","alt":"","source":"library"},"text":"Your Text","mouse_speed":{"unit":"px","size":-1.5,"sizes":[]},"_element_width":"auto","_position":"absolute","_offset_orientation_h":"end","_offset_x_end":{"unit":"px","size":-10.4,"sizes":[]},"_offset_y":{"unit":"px","size":-100,"sizes":[]},"hide_tablet_extra":"hidden-tablet_extra","hide_tablet":"hidden-tablet","hide_mobile_extra":"hidden-mobile_extra","hide_mobile":"hidden-mobile"},"elements":[],"isInner":false,"widgetType":"edublink-animation","elType":"widget"},{"id":"5426d071","settings":{"image":{"url":"https:\/\/demo.edublink.co\/wp-content\/uploads\/2023\/05\/shape-13.png","id":153,"size":"","alt":"","source":"library"},"text":"Your Text","_element_width":"auto","_position":"absolute","_offset_orientation_h":"end","_offset_x_end":{"unit":"px","size":-93.1,"sizes":[]},"_offset_y":{"unit":"px","size":-69,"sizes":[]},"_z_index":-1,"hide_tablet_extra":"hidden-tablet_extra","hide_tablet":"hidden-tablet","hide_mobile_extra":"hidden-mobile_extra","hide_mobile":"hidden-mobile"},"elements":[],"isInner":false,"widgetType":"edublink-animation","elType":"widget"},{"id":"7d188bcd","settings":{"flex_direction":"column","content_width":"full","width":{"unit":"%","size":"50"},"border_radius":{"unit":"px","top":"5","right":"5","bottom":"5","left":"5","isLinked":true},"box_shadow_box_shadow_type":"yes","box_shadow_box_shadow":{"horizontal":0,"vertical":0,"blur":50,"spread":0,"color":"rgba(25.999999999999996, 46, 84.99999999999999, 0.1)"},"margin_tablet":{"unit":"px","top":"30","right":"0","bottom":"60","left":"0","isLinked":false},"padding":{"unit":"px","top":"70","right":"70","bottom":"70","left":"70","isLinked":true},"padding_tablet":{"unit":"px","top":"50","right":"15","bottom":"50","left":"15","isLinked":false}},"elements":[{"id":"21104d8a","settings":{"title":"Get In Touch","header_size":"h5","typography_typography":"custom","typography_line_height":{"unit":"px","size":28,"sizes":[]},"_margin":{"unit":"px","top":"0","right":"0","bottom":"-5","left":"0","isLinked":false},"typography_font_size":{"unit":"px","size":20,"sizes":[]}},"elements":[],"isInner":false,"widgetType":"heading","elType":"widget"},{"id":"7b3966af","settings":{"editor":"<p>Fill out this form for booking a consultant advising session.<\/p>","_margin":{"unit":"px","top":"-10","right":"0","bottom":"-32","left":"0","isLinked":false}},"elements":[],"isInner":false,"widgetType":"text-editor","elType":"widget"},{"id":"60970d0a","settings":{"forms":"17264","_margin":{"unit":"px","top":"-15","right":"0","bottom":"0","left":"0","isLinked":false}},"elements":[],"isInner":false,"widgetType":"edublink-contact-form-seven","elType":"widget"}],"isInner":true,"elType":"container"}],"isInner":false,"elType":"column"}],"isInner":false,"elType":"section"},{"id":"90c84fc","settings":{"content_width":{"unit":"px","size":1200,"sizes":[]},"gap":"no","layout":"full_width"},"elements":[{"id":"2df17936","settings":{"_column_size":100,"_inline_size":null},"elements":[{"id":"14995805","settings":{"address":"London Eye, London, United Kingdom","height":{"unit":"px","size":600,"sizes":[]},"height_tablet":{"unit":"px","size":350,"sizes":[]},"css_filters_hover_blur":{"unit":"px","size":10,"sizes":[]},"css_filters_hover_brightness":{"unit":"px","size":42,"sizes":[]},"css_filters_hover_contrast":{"unit":"px","size":68,"sizes":[]},"css_filters_hover_saturate":{"unit":"px","size":52,"sizes":[]},"css_filters_hover_hue":{"unit":"px","size":196,"sizes":[]}},"elements":[],"isInner":false,"widgetType":"google_maps","elType":"widget"}],"isInner":false,"elType":"column"}],"isInner":false,"elType":"section"}],"page_settings":[],"version":"0.4","title":"EduBlink Contact Us Page","type":"page"}