{"content":[{"id":"77fabae5","settings":{"content_width":{"unit":"px","size":1200,"sizes":[]},"gap":"extended","margin":{"unit":"px","top":"","right":0,"bottom":"","left":0,"isLinked":true},"content_width_mobile_extra":{"unit":"px","size":"","sizes":[]},"gap_columns_custom_mobile_extra":{"unit":"px","size":"","sizes":[]},"custom_height_mobile_extra":{"unit":"px","size":"","sizes":[]},"background_image_mobile_extra":{"url":"","id":"","size":""},"background_position_mobile_extra":"","background_xpos_mobile_extra":{"unit":"px","size":"","sizes":[]},"background_ypos_mobile_extra":{"unit":"px","size":"","sizes":[]},"background_repeat_mobile_extra":"","background_size_mobile_extra":"","background_bg_width_mobile_extra":{"unit":"px","size":"","sizes":[]},"background_slideshow_background_size_mobile_extra":"","background_slideshow_background_position_mobile_extra":"","background_hover_image_mobile_extra":{"url":"","id":"","size":""},"background_hover_position_mobile_extra":"","background_hover_xpos_mobile_extra":{"unit":"px","size":"","sizes":[]},"background_hover_ypos_mobile_extra":{"unit":"px","size":"","sizes":[]},"background_hover_repeat_mobile_extra":"","background_hover_size_mobile_extra":"","background_hover_bg_width_mobile_extra":{"unit":"px","size":"","sizes":[]},"background_hover_slideshow_background_size_mobile_extra":"","background_hover_slideshow_background_position_mobile_extra":"","background_overlay_image_mobile_extra":{"url":"","id":"","size":""},"background_overlay_position_mobile_extra":"","background_overlay_xpos_mobile_extra":{"unit":"px","size":"","sizes":[]},"background_overlay_ypos_mobile_extra":{"unit":"px","size":"","sizes":[]},"background_overlay_repeat_mobile_extra":"","background_overlay_size_mobile_extra":"","background_overlay_bg_width_mobile_extra":{"unit":"px","size":"","sizes":[]},"background_overlay_slideshow_background_size_mobile_extra":"","background_overlay_slideshow_background_position_mobile_extra":"","background_overlay_opacity_mobile_extra":{"unit":"px","size":"","sizes":[]},"background_overlay_hover_image_mobile_extra":{"url":"","id":"","size":""},"background_overlay_hover_position_mobile_extra":"","background_overlay_hover_xpos_mobile_extra":{"unit":"px","size":"","sizes":[]},"background_overlay_hover_ypos_mobile_extra":{"unit":"px","size":"","sizes":[]},"background_overlay_hover_repeat_mobile_extra":"","background_overlay_hover_size_mobile_extra":"","background_overlay_hover_bg_width_mobile_extra":{"unit":"px","size":"","sizes":[]},"background_overlay_hover_slideshow_background_size_mobile_extra":"","background_overlay_hover_slideshow_background_position_mobile_extra":"","background_overlay_hover_opacity_mobile_extra":{"unit":"px","size":"","sizes":[]},"border_width_mobile_extra":{"unit":"px","top":"","right":"","bottom":"","left":"","isLinked":true},"border_radius_mobile_extra":{"unit":"px","top":"","right":"","bottom":"","left":"","isLinked":true},"border_hover_width_mobile_extra":{"unit":"px","top":"","right":"","bottom":"","left":"","isLinked":true},"border_radius_hover_mobile_extra":{"unit":"px","top":"","right":"","bottom":"","left":"","isLinked":true},"shape_divider_top_width_mobile_extra":{"unit":"px","size":"","sizes":[]},"shape_divider_top_height_mobile_extra":{"unit":"px","size":"","sizes":[]},"shape_divider_bottom_width_mobile_extra":{"unit":"px","size":"","sizes":[]},"shape_divider_bottom_height_mobile_extra":{"unit":"px","size":"","sizes":[]},"text_align_mobile_extra":"","margin_mobile_extra":{"unit":"px","top":"","right":"","bottom":"","left":"","isLinked":true},"padding_mobile_extra":{"unit":"px","top":"","right":"","bottom":"","left":"","isLinked":true},"z_index_mobile_extra":"","animation_mobile_extra":"","reverse_order_mobile_extra":"","hide_mobile_extra":"","background_overlay_background":"classic","background_overlay_image":{"url":"","id":"","size":"","alt":"","source":"library"},"background_overlay_position":"initial","background_overlay_xpos":{"unit":"px","size":612,"sizes":[]},"background_overlay_ypos":{"unit":"px","size":321,"sizes":[]},"background_overlay_repeat":"no-repeat","background_overlay_opacity":{"unit":"px","size":"","sizes":[]},"padding":{"unit":"px","top":"105","right":"0","bottom":"105","left":"0","isLinked":false},"padding_tablet":{"unit":"px","top":"80","right":"0","bottom":"85","left":"0","isLinked":false},"padding_mobile":{"unit":"px","top":"60","right":"0","bottom":"65","left":"0","isLinked":false}},"elements":[{"id":"26a5a368","settings":{"_column_size":100,"_inline_size":null,"_inline_size_mobile_extra":"","content_position_mobile_extra":"","align_mobile_extra":"","space_between_widgets_mobile_extra":"","background_image_mobile_extra":{"url":"","id":"","size":""},"background_position_mobile_extra":"","background_xpos_mobile_extra":{"unit":"px","size":"","sizes":[]},"background_ypos_mobile_extra":{"unit":"px","size":"","sizes":[]},"background_repeat_mobile_extra":"","background_size_mobile_extra":"","background_bg_width_mobile_extra":{"unit":"px","size":"","sizes":[]},"background_slideshow_background_size_mobile_extra":"","background_slideshow_background_position_mobile_extra":"","background_hover_image_mobile_extra":{"url":"","id":"","size":""},"background_hover_position_mobile_extra":"","background_hover_xpos_mobile_extra":{"unit":"px","size":"","sizes":[]},"background_hover_ypos_mobile_extra":{"unit":"px","size":"","sizes":[]},"background_hover_repeat_mobile_extra":"","background_hover_size_mobile_extra":"","background_hover_bg_width_mobile_extra":{"unit":"px","size":"","sizes":[]},"background_hover_slideshow_background_size_mobile_extra":"","background_hover_slideshow_background_position_mobile_extra":"","background_overlay_image_mobile_extra":{"url":"","id":"","size":""},"background_overlay_position_mobile_extra":"","background_overlay_xpos_mobile_extra":{"unit":"px","size":"","sizes":[]},"background_overlay_ypos_mobile_extra":{"unit":"px","size":"","sizes":[]},"background_overlay_repeat_mobile_extra":"","background_overlay_size_mobile_extra":"","background_overlay_bg_width_mobile_extra":{"unit":"px","size":"","sizes":[]},"background_overlay_slideshow_background_size_mobile_extra":"","background_overlay_slideshow_background_position_mobile_extra":"","background_overlay_opacity_mobile_extra":{"unit":"px","size":"","sizes":[]},"background_overlay_hover_image_mobile_extra":{"url":"","id":"","size":""},"background_overlay_hover_position_mobile_extra":"","background_overlay_hover_xpos_mobile_extra":{"unit":"px","size":"","sizes":[]},"background_overlay_hover_ypos_mobile_extra":{"unit":"px","size":"","sizes":[]},"background_overlay_hover_repeat_mobile_extra":"","background_overlay_hover_size_mobile_extra":"","background_overlay_hover_bg_width_mobile_extra":{"unit":"px","size":"","sizes":[]},"background_overlay_hover_slideshow_background_size_mobile_extra":"","background_overlay_hover_slideshow_background_position_mobile_extra":"","background_overlay_hover_opacity_mobile_extra":{"unit":"px","size":"","sizes":[]},"border_width_mobile_extra":{"unit":"px","top":"","right":"","bottom":"","left":"","isLinked":true},"border_radius_mobile_extra":{"unit":"px","top":"","right":"","bottom":"","left":"","isLinked":true},"border_hover_width_mobile_extra":{"unit":"px","top":"","right":"","bottom":"","left":"","isLinked":true},"border_radius_hover_mobile_extra":{"unit":"px","top":"","right":"","bottom":"","left":"","isLinked":true},"text_align_mobile_extra":"","margin_mobile_extra":{"unit":"px","top":"","right":"","bottom":"","left":"","isLinked":true},"padding_mobile_extra":{"unit":"px","top":"","right":"","bottom":"","left":"","isLinked":true},"z_index_mobile_extra":"","animation_mobile_extra":"","hide_mobile_extra":""},"elements":[{"id":"78e2fb0c","settings":{"image":{"url":"https:\/\/devsedu.softatomic.com\/wp-content\/uploads\/2023\/07\/map-shape-1.png","id":11517,"size":"","alt":"","source":"library"},"image_size":"full","_element_width":"auto","_position":"absolute","_offset_x":{"unit":"px","size":490,"sizes":[]},"_offset_y":{"unit":"px","size":230,"sizes":[]},"_z_index":0},"elements":[],"isInner":false,"widgetType":"image","elType":"widget"},{"id":"6bea18f4","settings":{"heading":"Questions By This Category","sub_heading":"<p>Lorem ipsum dolor sit amet consectur adipiscing elit sed eius mod ex tempor incididunt labore.<\/p>","pre_heading_color":"#808080","items":[{"title":"General Questions","_id":"8323b63","content_type":"saved-template","saved_template":"11226"},{"title":"Regular Questions","content":"The placeholder text, beginning with the line \u201cLorem ipsum dolor sit amet, consectetur adipiscing elit\u201d, looks like Latin because in its youth, centuries ago, it was Latin.","_id":"222741c","content_type":"saved-template","saved_template":"11228"},{"title":"Advanced questions","content":"The placeholder text, beginning with the line \u201cLorem ipsum dolor sit amet, consectetur adipiscing elit\u201d, looks like Latin because in its youth, centuries ago, it was Latin.","_id":"84187c4","content_type":"saved-template","saved_template":"11230"},{"title":"Company Policies","content":"The placeholder text, beginning with the line \u201cLorem ipsum dolor sit amet, consectetur adipiscing elit\u201d, looks like Latin because in its youth, centuries ago, it was Latin.","content_type":"saved-template","saved_template":"11232","_id":"52c79e7"},{"title":"Payment Options","content":"The placeholder text, beginning with the line \u201cLorem ipsum dolor sit amet, consectetur adipiscing elit\u201d, looks like Latin because in its youth, centuries ago, it was Latin.","content_type":"saved-template","saved_template":"11234","_id":"ccb5f93"},{"title":"Terms & Conditions","content":"The placeholder text, beginning with the line \u201cLorem ipsum dolor sit amet, consectetur adipiscing elit\u201d, looks like Latin because in its youth, centuries ago, it was Latin.","content_type":"saved-template","saved_template":"11236","_id":"b71d105"}],"style":"2","enable_shape_icon":"","heading_typography_typography":"custom","heading_typography_font_size":{"unit":"px","size":28,"sizes":[]},"faq_title_spacing_mobile_extra":{"unit":"px","size":"","sizes":[]},"faq_content_typography_font_size_mobile_extra":{"unit":"px","size":"","sizes":[]},"faq_content_typography_line_height_mobile_extra":{"unit":"px","size":"","sizes":[]},"faq_content_typography_letter_spacing_mobile_extra":{"unit":"px","size":"","sizes":[]},"faq_content_typography_word_spacing_mobile_extra":{"unit":"px","size":"","sizes":[]},"faq_content_margin_mobile_extra":{"unit":"px","top":"","right":"","bottom":"","left":"","isLinked":true},"pre_heading_typography_font_size_mobile_extra":{"unit":"px","size":"","sizes":[]},"pre_heading_typography_line_height_mobile_extra":{"unit":"px","size":"","sizes":[]},"pre_heading_typography_letter_spacing_mobile_extra":{"unit":"px","size":"","sizes":[]},"pre_heading_typography_word_spacing_mobile_extra":{"unit":"px","size":"","sizes":[]},"heading_typography_font_size_mobile_extra":{"unit":"px","size":"","sizes":[]},"heading_typography_line_height_mobile_extra":{"unit":"px","size":"","sizes":[]},"heading_typography_letter_spacing_mobile_extra":{"unit":"px","size":"","sizes":[]},"heading_typography_word_spacing_mobile_extra":{"unit":"px","size":"","sizes":[]},"heading_spacing_mobile_extra":{"unit":"px","size":"","sizes":[]},"sub_heading_typography_font_size_mobile_extra":{"unit":"px","size":"","sizes":[]},"sub_heading_typography_line_height_mobile_extra":{"unit":"px","size":"","sizes":[]},"sub_heading_typography_letter_spacing_mobile_extra":{"unit":"px","size":"","sizes":[]},"sub_heading_typography_word_spacing_mobile_extra":{"unit":"px","size":"","sizes":[]},"sub_heading_spacing_mobile_extra":{"unit":"px","size":"","sizes":[]},"shape_icon_spacing_mobile_extra":{"unit":"px","size":"","sizes":[]},"_margin_mobile_extra":{"unit":"px","top":"","right":"","bottom":"","left":"","isLinked":true},"_padding_mobile_extra":{"unit":"px","top":"","right":"","bottom":"","left":"","isLinked":true},"_element_width_mobile_extra":"","_element_custom_width_mobile_extra":{"unit":"px","size":"","sizes":[]},"_element_vertical_align_mobile_extra":"","_offset_x_mobile_extra":{"unit":"px","size":"","sizes":[]},"_offset_x_end_mobile_extra":{"unit":"px","size":"","sizes":[]},"_offset_y_mobile_extra":{"unit":"px","size":"","sizes":[]},"_offset_y_end_mobile_extra":{"unit":"px","size":"","sizes":[]},"_z_index_mobile_extra":"","_animation_mobile_extra":"","_transform_rotateZ_effect_mobile_extra":{"unit":"deg","size":"","sizes":[]},"_transform_rotateX_effect_mobile_extra":{"unit":"deg","size":"","sizes":[]},"_transform_rotateY_effect_mobile_extra":{"unit":"deg","size":"","sizes":[]},"_transform_perspective_effect_mobile_extra":{"unit":"px","size":"","sizes":[]},"_transform_translateX_effect_mobile_extra":{"unit":"px","size":"","sizes":[]},"_transform_translateY_effect_mobile_extra":{"unit":"px","size":"","sizes":[]},"_transform_scale_effect_mobile_extra":{"unit":"px","size":"","sizes":[]},"_transform_scaleX_effect_mobile_extra":{"unit":"px","size":"","sizes":[]},"_transform_scaleY_effect_mobile_extra":{"unit":"px","size":"","sizes":[]},"_transform_skewX_effect_mobile_extra":{"unit":"deg","size":"","sizes":[]},"_transform_skewY_effect_mobile_extra":{"unit":"deg","size":"","sizes":[]},"_transform_rotateZ_effect_hover_mobile_extra":{"unit":"deg","size":"","sizes":[]},"_transform_rotateX_effect_hover_mobile_extra":{"unit":"deg","size":"","sizes":[]},"_transform_rotateY_effect_hover_mobile_extra":{"unit":"deg","size":"","sizes":[]},"_transform_perspective_effect_hover_mobile_extra":{"unit":"px","size":"","sizes":[]},"_transform_translateX_effect_hover_mobile_extra":{"unit":"px","size":"","sizes":[]},"_transform_translateY_effect_hover_mobile_extra":{"unit":"px","size":"","sizes":[]},"_transform_scale_effect_hover_mobile_extra":{"unit":"px","size":"","sizes":[]},"_transform_scaleX_effect_hover_mobile_extra":{"unit":"px","size":"","sizes":[]},"_transform_scaleY_effect_hover_mobile_extra":{"unit":"px","size":"","sizes":[]},"_transform_skewX_effect_hover_mobile_extra":{"unit":"deg","size":"","sizes":[]},"_transform_skewY_effect_hover_mobile_extra":{"unit":"deg","size":"","sizes":[]},"motion_fx_transform_x_anchor_point_mobile_extra":"","motion_fx_transform_y_anchor_point_mobile_extra":"","_background_image_mobile_extra":{"url":"","id":"","size":""},"_background_position_mobile_extra":"","_background_xpos_mobile_extra":{"unit":"px","size":"","sizes":[]},"_background_ypos_mobile_extra":{"unit":"px","size":"","sizes":[]},"_background_repeat_mobile_extra":"","_background_size_mobile_extra":"","_background_bg_width_mobile_extra":{"unit":"px","size":"","sizes":[]},"_background_slideshow_background_size_mobile_extra":"","_background_slideshow_background_position_mobile_extra":"","_background_hover_image_mobile_extra":{"url":"","id":"","size":""},"_background_hover_position_mobile_extra":"","_background_hover_xpos_mobile_extra":{"unit":"px","size":"","sizes":[]},"_background_hover_ypos_mobile_extra":{"unit":"px","size":"","sizes":[]},"_background_hover_repeat_mobile_extra":"","_background_hover_size_mobile_extra":"","_background_hover_bg_width_mobile_extra":{"unit":"px","size":"","sizes":[]},"_background_hover_slideshow_background_size_mobile_extra":"","_background_hover_slideshow_background_position_mobile_extra":"","_border_width_mobile_extra":{"unit":"px","top":"","right":"","bottom":"","left":"","isLinked":true},"_border_radius_mobile_extra":{"unit":"px","top":"","right":"","bottom":"","left":"","isLinked":true},"_border_hover_width_mobile_extra":{"unit":"px","top":"","right":"","bottom":"","left":"","isLinked":true},"_border_radius_hover_mobile_extra":{"unit":"px","top":"","right":"","bottom":"","left":"","isLinked":true},"_mask_size_mobile_extra":"","_mask_size_scale_mobile_extra":{"unit":"px","size":"","sizes":[]},"_mask_position_mobile_extra":"","_mask_position_x_mobile_extra":{"unit":"px","size":"","sizes":[]},"_mask_position_y_mobile_extra":{"unit":"px","size":"","sizes":[]},"_mask_repeat_mobile_extra":"","hide_mobile_extra":""},"elements":[],"isInner":false,"widgetType":"edublink-faq","elType":"widget"}],"isInner":false,"elType":"column"}],"isInner":false,"elType":"section"},{"id":"2ef159aa","settings":{"content_width":{"unit":"px","size":1200,"sizes":[]},"gap":"extended","background_background":"classic","background_color":"#F0F4F5","background_image":{"url":"","id":"","size":"","alt":"","source":"library"},"background_position":"center center","background_repeat":"no-repeat","background_size":"cover","background_overlay_background":"classic","background_overlay_image":{"url":"https:\/\/devsedu.softatomic.com\/wp-content\/uploads\/2023\/05\/cta.svg","id":1176,"size":"","alt":"","source":"library"},"background_overlay_position":"center center","background_overlay_repeat":"no-repeat","background_overlay_size":"cover","background_overlay_opacity":{"unit":"px","size":1,"sizes":[]},"css_filters_brightness":{"unit":"px","size":0,"sizes":[]},"css_filters_saturate":{"unit":"px","size":165,"sizes":[]},"css_filters_hue":{"unit":"px","size":170,"sizes":[]},"padding":{"unit":"px","top":"87","right":"0","bottom":"95","left":"0","isLinked":false},"padding_tablet":{"unit":"px","top":"65","right":"0","bottom":"65","left":"0","isLinked":false},"overflow":"hidden"},"elements":[{"id":"25c8961","settings":{"_column_size":100,"_inline_size":null,"animation":"edublink--slide-up","animation_delay":150},"elements":[{"id":"7f831c49","settings":{"image":{"url":"https:\/\/devsedu.softatomic.com\/wp-content\/uploads\/2023\/05\/shape-15.png","id":168,"size":"","alt":"","source":"library"},"text":"Your Text","mouse_speed":{"unit":"px","size":-2.5,"sizes":[]},"_element_width":"auto","_position":"absolute","_offset_x":{"size":30,"unit":"px"},"_offset_x_end":{"unit":"px","size":-230,"sizes":[]},"_offset_orientation_v":"end","_offset_y":{"unit":"px","size":-40,"sizes":[]},"_offset_y_end":{"size":10,"unit":"px"},"hide_tablet_extra":"hidden-tablet_extra","hide_tablet":"hidden-tablet","hide_mobile":"hidden-mobile"},"elements":[],"isInner":false,"widgetType":"edublink-animation","elType":"widget"},{"id":"380aef38","settings":{"image":{"url":"https:\/\/devsedu.softatomic.com\/wp-content\/uploads\/2023\/05\/shape-10.png","id":1166,"size":"","alt":"","source":"library"},"text":"Your Text","mouse_speed":{"unit":"px","size":2.5,"sizes":[]},"_element_width":"auto","_position":"absolute","_offset_x":{"unit":"px","size":-50,"sizes":[]},"_offset_x_end":{"unit":"px","size":-180,"sizes":[]},"_offset_orientation_v":"end","_offset_y":{"unit":"px","size":-100,"sizes":[]},"_offset_y_end":{"unit":"px","size":-50,"sizes":[]},"_animation":"fadeIn","hide_tablet_extra":"hidden-tablet_extra","hide_tablet":"hidden-tablet","hide_mobile":"hidden-mobile"},"elements":[],"isInner":false,"widgetType":"edublink-animation","elType":"widget"},{"id":"1bf53c4f","settings":{"image":{"url":"https:\/\/devsedu.softatomic.com\/wp-content\/uploads\/2023\/05\/shape-02.png","id":170,"size":"","alt":"","source":"library"},"text":"Your Text","mouse_speed":{"unit":"px","size":-2,"sizes":[]},"_element_width":"auto","_position":"absolute","_offset_orientation_h":"end","_offset_x_end":{"unit":"px","size":-230,"sizes":[]},"_offset_y":{"unit":"px","size":-55,"sizes":[]},"hide_tablet_extra":"hidden-tablet_extra","hide_tablet":"hidden-tablet","hide_mobile":"hidden-mobile","_title":"Animation"},"elements":[],"isInner":false,"widgetType":"edublink-animation","elType":"widget"},{"id":"45c5b277","settings":{"image":{"url":"https:\/\/devsedu.softatomic.com\/wp-content\/uploads\/2023\/05\/shape-13.png","id":153,"size":"","alt":"","source":"library"},"text":"Your Text","mouse_speed":{"unit":"px","size":2,"sizes":[]},"_element_width":"auto","_position":"absolute","_offset_orientation_h":"end","_offset_x_end":{"unit":"px","size":-180,"sizes":[]},"_offset_y":{"unit":"px","size":-120,"sizes":[]},"hide_tablet_extra":"hidden-tablet_extra","hide_tablet":"hidden-tablet","hide_mobile":"hidden-mobile","_title":"Animation"},"elements":[],"isInner":false,"widgetType":"edublink-animation","elType":"widget"},{"id":"5e6c6e97","settings":{"title":"Get Your Quality Skills <span class=\"edublink-color-secondary\">Certificate<\/span> <br>\nThrough EduBlink","align":"center","typography_typography":"custom","typography_font_size_tablet":{"unit":"px","size":30,"sizes":[]},"typography_font_size_mobile":{"unit":"px","size":26,"sizes":[]},"typography_line_height":{"unit":"custom","size":"1.39","sizes":[]},"typography_line_height_tablet_extra":{"unit":"custom","size":"","sizes":[]},"typography_line_height_tablet":{"unit":"custom","size":"","sizes":[]},"typography_line_height_mobile":{"unit":"custom","size":"","sizes":[]},"_margin":{"unit":"px","top":"0","right":"0","bottom":"10","left":"0","isLinked":false},"_css_classes":"edublink-br-tl-none"},"elements":[],"isInner":false,"widgetType":"heading","elType":"widget"},{"id":"5d75876e","settings":{"text":"Get started now","alignment":"center"},"elements":[],"isInner":false,"widgetType":"edublink-button","elType":"widget"}],"isInner":false,"elType":"column"}],"isInner":false,"elType":"section"}],"page_settings":[],"version":"0.4","title":"EduBlink FAQs Page","type":"page"}