{"content":[{"id":"14719674","settings":{"content_width":{"unit":"px","size":1200,"sizes":[]},"gap":"extended","padding":{"unit":"px","top":"100","right":"0","bottom":"100","left":"0","isLinked":false},"padding_tablet":{"unit":"px","top":"80","right":"0","bottom":"80","left":"0","isLinked":false},"padding_mobile":{"unit":"px","top":"60","right":"0","bottom":"60","left":"0","isLinked":false}},"elements":[{"id":"6f43c0e","settings":{"_column_size":100,"_inline_size":null},"elements":[{"id":"58b1462","settings":{"pre_heading":"INSTRUCTORS","heading":"Course Instructors","alignment":"center","_margin":{"unit":"px","top":"0","right":"0","bottom":"20","left":"0","isLinked":false}},"elements":[],"isInner":false,"widgetType":"edublink-heading","elType":"widget"},{"id":"63fd3c43","settings":{"style":"2","members":[{"name":"Jane Seymour","_id":"ba852e2","designation":"UI Designer","details":"Consectetur adipisicing elit, sed do eius mod tempor incididunt","thumb":{"url":"https:\/\/devsedu.softatomic.com\/wp-content\/uploads\/2023\/06\/team-05.webp","id":7646,"size":"","alt":"","source":"library"},"facebook":"#","twitter":"#","linkedin":"#","link":{"url":"https:\/\/demo.edublink.co\/instructor-details\/","is_external":"","nofollow":"","custom_attributes":""}},{"name":"Edward Norton","_id":"75c2f70","designation":"UI Designer","details":"Consectetur adipisicing elit, sed do eius mod tempor incididunt","thumb":{"url":"https:\/\/devsedu.softatomic.com\/wp-content\/uploads\/2023\/06\/team-06.webp","id":7647,"size":"","alt":"","source":"library"},"facebook":"#","twitter":"#","linkedin":"#","link":{"url":"https:\/\/demo.edublink.co\/instructor-details\/","is_external":"","nofollow":"","custom_attributes":""}},{"name":"Penelope Cruz","_id":"3ee16be","designation":"UI Designer","details":"Consectetur adipisicing elit, sed do eius mod tempor incididunt","thumb":{"url":"https:\/\/devsedu.softatomic.com\/wp-content\/uploads\/2023\/06\/team-07.webp","id":7648,"size":"","alt":"","source":"library"},"facebook":"#","twitter":"#","linkedin":"#","link":{"url":"https:\/\/demo.edublink.co\/instructor-details\/","is_external":"","nofollow":"","custom_attributes":""}},{"_id":"b13e9e8","name":"Michael Douglas","designation":"UI Designer","details":"Consectetur adipisicing elit, sed do eius mod tempor incididunt","thumb":{"url":"https:\/\/devsedu.softatomic.com\/wp-content\/uploads\/2023\/07\/team-16.webp","id":10417,"size":"","alt":"","source":"library"},"facebook":"#","twitter":"#","linkedin":"#","link":{"url":"https:\/\/demo.edublink.co\/instructor-details\/","is_external":"","nofollow":"","custom_attributes":""}},{"_id":"3af2b76","name":"Hilary Swank","designation":"UI Designer","details":"Consectetur adipisicing elit, sed do eius mod tempor incididunt","thumb":{"url":"https:\/\/devsedu.softatomic.com\/wp-content\/uploads\/2023\/07\/team-17.webp","id":10415,"size":"","alt":"","source":"library"},"facebook":"#","twitter":"#","linkedin":"#","link":{"url":"https:\/\/demo.edublink.co\/instructor-details\/","is_external":"","nofollow":"","custom_attributes":""}},{"_id":"ac82a3f","name":"Steve Martin","designation":"UI Designer","details":"Consectetur adipisicing elit, sed do eius mod tempor incididunt","thumb":{"url":"https:\/\/devsedu.softatomic.com\/wp-content\/uploads\/2023\/07\/team-18.jpg","id":10440,"size":"","alt":"","source":"library"},"facebook":"#","twitter":"#","linkedin":"#","link":{"url":"https:\/\/demo.edublink.co\/instructor-details\/","is_external":"","nofollow":"","custom_attributes":""}}],"desktop_grid_columns":"3","tablet_grid_columns":"2","_margin":{"unit":"px","top":"0","right":"0","bottom":"5","left":"0","isLinked":false},"mobile_grid_columns":"2"},"elements":[],"isInner":false,"widgetType":"edublink-team","elType":"widget"}],"isInner":false,"elType":"column"}],"isInner":false,"elType":"section"}],"page_settings":[],"version":"0.4","title":"EduBlink Instructors Page","type":"page"}