{"content":[{"id":"5b1be3fc","settings":{"content_width":{"unit":"px","size":1200,"sizes":[]},"gap":"extended","structure":"40","background_background":"classic","background_color":"#F0F4F5","background_overlay_background":"classic","background_overlay_image":{"id":"","url":""},"background_overlay_repeat":"no-repeat","background_overlay_size":"cover","background_overlay_opacity":{"unit":"px","size":1,"sizes":[]},"padding":{"unit":"px","top":"85","right":"0","bottom":"55","left":"0","isLinked":false},"padding_tablet":{"unit":"px","top":"65","right":"0","bottom":"50","left":"0","isLinked":false},"padding_mobile":{"unit":"px","top":"45","right":"0","bottom":"35","left":"0","isLinked":false},"background_overlay_opacity_tablet":{"unit":"px","size":0,"sizes":[]},"padding_tablet_extra":{"unit":"px","top":"85","right":"0","bottom":"45","left":"0","isLinked":false},"overflow":"hidden"},"elements":[{"id":"77257bf4","settings":{"_column_size":25,"_inline_size":null,"_inline_size_tablet":50},"elements":[{"id":"5569ce54","settings":{"enable_custom_logo":"yes","custom_logo":{"id":292,"url":"https:\/\/lms2025.blogdu.de\/wp-content\/uploads\/2025\/02\/logo-dark.webp","alt":"","source":"library","size":""}},"elements":[],"isInner":false,"widgetType":"edublink-site-logo","elType":"widget"},{"id":"518cb570","settings":{"editor":"<p>Lorem ipsum dolor amet consecto adi pisicing elit sed eiusm tempor incidid unt labore dolore.<\/p>","text_color":"#181818","_margin":{"unit":"px","top":"0","right":"0","bottom":"-30","left":"0","isLinked":false},"_margin_tablet":{"unit":"px","top":"0","right":"30","bottom":"-30","left":"0","isLinked":false},"_margin_mobile":{"unit":"px","top":"0","right":"0","bottom":"-30","left":"0","isLinked":false}},"elements":[],"isInner":false,"widgetType":"text-editor","elType":"widget"},{"id":"7a415de4","settings":{"editor":"<p><span class=\"edublink-p-medium\">Add:<\/span> 70-80 Upper St Norwich NR2<br \/><span class=\"edublink-p-medium\">Call:<\/span> <a href=\"tel:+011235641\">+01 123 5641 231<\/a><br \/><span class=\"edublink-p-medium\">Email:<\/span> <a href=\"mailto:info@edublink.com\">info@edublink.co<\/a><\/p>","text_color":"#181818","typography_typography":"custom","typography_line_height":{"unit":"custom","size":"2.10","sizes":[]},"typography_line_height_tablet_extra":{"unit":"custom","size":"","sizes":[]},"typography_line_height_tablet":{"unit":"custom","size":"","sizes":[]},"typography_line_height_mobile":{"unit":"custom","size":"","sizes":[]},"_margin":{"unit":"px","top":"-5","right":"0","bottom":"0","left":"0","isLinked":false},"_margin_mobile":{"unit":"px","top":"0","right":"0","bottom":"0","left":"0","isLinked":false}},"elements":[],"isInner":false,"widgetType":"text-editor","elType":"widget"}],"isInner":false,"elType":"column"},{"id":"7888b63b","settings":{"_column_size":25,"_inline_size":null,"margin":{"unit":"px","top":"0","right":"0","bottom":"0","left":"65","isLinked":false},"_inline_size_tablet":50,"margin_tablet_extra":{"unit":"px","top":"0","right":"0","bottom":"0","left":"20","isLinked":false},"margin_tablet":{"unit":"px","top":"0","right":"0","bottom":"0","left":"0","isLinked":false},"margin_mobile":{"unit":"px","top":"-15","right":"0","bottom":"0","left":"0","isLinked":false}},"elements":[{"id":"24529d70","settings":{"title":"Online Platform","header_size":"h4","typography_typography":"custom","typography_font_weight":"700","_margin":{"unit":"px","top":"0","right":"0","bottom":"10","left":"0","isLinked":false},"_margin_tablet":{"unit":"px","top":"0","right":"0","bottom":"0","left":"0","isLinked":false}},"elements":[],"isInner":false,"widgetType":"heading","elType":"widget"},{"id":"7cf98a17","settings":{"menu":"footer-1","menu_hover_color":"","_margin_tablet":{"unit":"px","top":"-10","right":"0","bottom":"30","left":"0","isLinked":false},"_margin_mobile":{"unit":"px","top":"-10","right":"0","bottom":"0","left":"0","isLinked":false}},"elements":[],"isInner":false,"widgetType":"edublink-footer-menu","elType":"widget"}],"isInner":false,"elType":"column"},{"id":"55a5fe1c","settings":{"_column_size":25,"_inline_size":16.77,"_inline_size_tablet":50,"margin_tablet":{"unit":"px","top":"-30","right":"0","bottom":"0","left":"0","isLinked":false},"margin_mobile":{"unit":"px","top":"-10","right":"0","bottom":"0","left":"0","isLinked":false}},"elements":[{"id":"17d4f8fb","settings":{"title":"Links","header_size":"h4","typography_typography":"custom","typography_font_weight":"700","_margin":{"unit":"px","top":"0","right":"0","bottom":"10","left":"0","isLinked":false},"_margin_tablet":{"unit":"px","top":"0","right":"0","bottom":"0","left":"0","isLinked":false}},"elements":[],"isInner":false,"widgetType":"heading","elType":"widget"},{"id":"79ca8b56","settings":{"menu":"footer-2","menu_hover_color":"","_margin_tablet":{"unit":"px","top":"-10","right":"0","bottom":"0","left":"0","isLinked":false},"_margin_mobile":{"unit":"px","top":"-10","right":"0","bottom":"0","left":"0","isLinked":false}},"elements":[],"isInner":false,"widgetType":"edublink-footer-menu","elType":"widget"}],"isInner":false,"elType":"column"},{"id":"4c0df022","settings":{"_column_size":25,"_inline_size":33.23,"_inline_size_tablet":50,"margin_tablet":{"unit":"px","top":"-30","right":"0","bottom":"0","left":"0","isLinked":false},"margin_mobile":{"unit":"px","top":"-10","right":"0","bottom":"0","left":"0","isLinked":false}},"elements":[{"id":"40ea579c","settings":{"title":"Contacts","header_size":"h4","typography_typography":"custom","typography_font_weight":"700","_margin":{"unit":"px","top":"0","right":"0","bottom":"10","left":"0","isLinked":false},"_margin_tablet":{"unit":"px","top":"0","right":"0","bottom":"0","left":"0","isLinked":false}},"elements":[],"isInner":false,"widgetType":"heading","elType":"widget"},{"id":"5fa72cef","settings":{"editor":"<p>Enter your email address to register to our newsletter subscription<\/p>","text_color":"#181818","_margin":{"unit":"px","top":"10","right":"0","bottom":"-30","left":"0","isLinked":false},"_margin_tablet":{"unit":"px","top":"0","right":"0","bottom":"-30","left":"0","isLinked":false}},"elements":[],"isInner":false,"widgetType":"text-editor","elType":"widget"},{"id":"521e2443","settings":{"email_label":"Email","email_placeholder":"Your email","firstname_label":"First Name","firstname_placeholder":"First Name","lastname_label":"Last Name","lastname_placeholder":"Last Name","button_text":"Subscribe","loading_text":"Submitting...","success_text":"You have subscribed successfully...","error_text":"Something went wrong, please try again later.","notification_text":"Please insert your API key first.","button_icon":{"value":"edublink icon-4","library":"edublink-custom-icons"},"field_padding":{"unit":"px","top":"15","right":"12","bottom":"15","left":"30","isLinked":false},"field_spacing":{"unit":"px","size":10,"sizes":[]},"submit_buttn_icon_spacing":{"unit":"px","size":8,"sizes":[]},"field_bg_color":"#FFFFFF","field_border_border":"none","placeholder_color":"#808080","submit_button_color_style":"style-1","mailchimp_items":"516e23ac2f","field_height":{"unit":"px","size":50,"sizes":[]},"field_width_mobile":{"unit":"%","size":100,"sizes":[]},"field_color":"#808080","field_border_radius":{"unit":"px","top":"5","right":"5","bottom":"5","left":"5","isLinked":true},"submit_buttn_width":{"unit":"px","size":143,"sizes":[]},"submit_buttn_width_mobile":{"unit":"%","size":100,"sizes":[]},"button_height":{"unit":"px","size":50,"sizes":[]},"button_line_height":{"unit":"px","size":52,"sizes":[]},"submit_buttn_padding":{"unit":"px","top":"0","right":"0","bottom":"0","left":"3","isLinked":false},"field_spacing_mobile":{"unit":"px","size":0,"sizes":[]}},"elements":[],"isInner":false,"widgetType":"edublink-mailchimp","elType":"widget"},{"id":"210b4e0b","settings":{"social_icon_list":[{"social_icon":{"value":"edublink icon-facebook","library":"edublink-custom-icons"},"_id":"14da801","item_icon_color":"custom","item_icon_primary_color":"#1877F200","item_icon_secondary_color":"#1877F2"},{"social_icon":{"value":"edublink icon-linkedin2","library":"edublink-custom-icons"},"item_icon_color":"custom","item_icon_primary_color":"#1877F200","item_icon_secondary_color":"#0A66C2","_id":"50f33d0"},{"social_icon":{"value":"edublink icon-instagram","library":"edublink-custom-icons"},"item_icon_color":"custom","item_icon_primary_color":"#1877F200","item_icon_secondary_color":"#C231A1","_id":"ed7a4ad"},{"social_icon":{"value":"edublink icon-twitter","library":"edublink-custom-icons"},"item_icon_color":"custom","item_icon_primary_color":"#1877F200","item_icon_secondary_color":"#1DA1F2","_id":"83e3472"},{"social_icon":{"value":"edublink icon-youtube","library":"edublink-custom-icons"},"item_icon_color":"custom","item_icon_primary_color":"#1877F200","item_icon_secondary_color":"#CD201F","_id":"5779254"}],"align":"","icon_primary_color":"#944646","icon_size":{"unit":"px","size":18,"sizes":[]},"_margin":{"unit":"px","top":"0","right":"0","bottom":"0","left":"-10","isLinked":false}},"elements":[],"isInner":false,"widgetType":"social-icons","elType":"widget"}],"isInner":false,"elType":"column"}],"isInner":false,"elType":"section"},{"id":"271e8abb","settings":{"content_width":{"unit":"px","size":1200,"sizes":[]},"gap":"extended","background_background":"classic","background_color":"#EBEFF0","padding":{"unit":"px","top":"17","right":"0","bottom":"17","left":"0","isLinked":false},"overflow":"hidden"},"elements":[{"id":"4798ca09","settings":{"_column_size":100,"_inline_size":null},"elements":[{"id":"67091699","settings":{"shortcode":"Copyright [edublink_core_running_year]  | All Rights Reserved","alignment":"center","color":"#000000","link_color":"#1AB69D","hover_color":"#19D2B4"},"elements":[],"isInner":false,"widgetType":"edublink-footer-copyright","elType":"widget"}],"isInner":false,"elType":"column"}],"isInner":false,"elType":"section"}],"page_settings":[],"version":"0.4","title":"EduBlink Footer","type":"page"}