{"content":[{"id":"43654602","settings":{"content_width":{"unit":"px","size":1200,"sizes":[]},"gap":"extended","structure":"20","padding":{"unit":"px","top":"130","right":"0","bottom":"105","left":"0","isLinked":false},"padding_tablet":{"unit":"px","top":"80","right":"0","bottom":"85","left":"0","isLinked":false},"padding_mobile":{"unit":"px","top":"60","right":"0","bottom":"65","left":"0","isLinked":false},"padding_tablet_extra":{"unit":"px","top":"100","right":"0","bottom":"55","left":"0","isLinked":false}},"elements":[{"id":"7be4b2ad","settings":{"_column_size":50,"_inline_size":40,"margin":{"unit":"px","top":"0","right":"40","bottom":"0","left":"0","isLinked":false},"_inline_size_tablet":100,"animation_delay":150,"margin_tablet":{"unit":"px","top":"0","right":"0","bottom":"0","left":"0","isLinked":false}},"elements":[{"id":"7d32114d","settings":{"content_type":"color","text":"Your Text","mouse_speed":{"unit":"px","size":0,"sizes":[]},"colors_color_color":"","color_height":{"unit":"px","size":100,"sizes":[]},"color_width":{"unit":"px","size":100,"sizes":[]},"color_border_border":"solid","color_border_width":{"unit":"px","top":"16","right":"16","bottom":"16","left":"16","isLinked":true},"color_border_color":"#F8B81F","color_border_radius":{"unit":"%","top":"50","right":"50","bottom":"50","left":"50","isLinked":true},"color_border_radius_tablet_extra":{"unit":"%","top":"","right":"","bottom":"","left":"","isLinked":true},"color_border_radius_tablet":{"unit":"%","top":"","right":"","bottom":"","left":"","isLinked":true},"color_border_radius_mobile":{"unit":"%","top":"","right":"","bottom":"","left":"","isLinked":true},"_element_width":"auto","_position":"absolute","_offset_x":{"size":-230,"unit":"px"},"_offset_y":{"size":-25,"unit":"px"},"_animation":"fadeIn","_animation_delay":500,"hide_tablet_extra":"hidden-tablet_extra","hide_tablet":"hidden-tablet","hide_mobile":"hidden-mobile"},"elements":[],"isInner":false,"widgetType":"edublink-animation","elType":"widget"},{"id":"596c98d2","settings":{"pre_heading":"ABOUT US","heading":"We Providing The <mark>Best Quality<\/mark> Online Courses.","sub_heading":"Lorem ipsum dolor sit amet consectur adipiscing elit sed eiusmod ex tempor incididunt labore dolore magna aliquaenim ad minim.","_margin":{"unit":"px","top":"0","right":"20","bottom":"0","left":"0","isLinked":false},"_margin_mobile":{"unit":"px","top":"0","right":"0","bottom":"0","left":"0","isLinked":false},"_animation":"edublink--slide-up","_animation_delay":150},"elements":[],"isInner":false,"widgetType":"edublink-heading","elType":"widget"},{"id":"5150fd20","settings":{"icon_list":[{"text":"Flexible Classes","selected_icon":{"value":"edublink icon-20","library":"edublink-custom-icons"},"_id":"8632fa5"},{"text":"Offline Classe Mode","selected_icon":{"value":"edublink icon-20","library":"edublink-custom-icons"},"_id":"937ac1a"},{"text":"Educator Support","selected_icon":{"value":"edublink icon-20","library":"edublink-custom-icons"},"_id":"a733d53"}],"space_between":{"unit":"px","size":15,"sizes":[]},"icon_color":"#F8B81F","icon_size":{"unit":"px","size":19,"sizes":[]},"text_indent":{"unit":"px","size":5,"sizes":[]},"_css_classes":"edublink-font-secondary","icon_typography_typography":"custom","icon_typography_font_weight":"600","icon_typography_line_height":{"unit":"custom","size":"1.73","sizes":[]},"icon_typography_line_height_tablet_extra":{"unit":"custom","size":"","sizes":[]},"icon_typography_line_height_tablet":{"unit":"custom","size":"","sizes":[]},"icon_typography_line_height_mobile":{"unit":"custom","size":"","sizes":[]},"text_color":"#181818","_animation":"edublink--slide-up","_animation_delay":250},"elements":[],"isInner":false,"widgetType":"icon-list","elType":"widget"}],"isInner":false,"elType":"column"},{"id":"62f7cba1","settings":{"_column_size":50,"_inline_size":60,"_inline_size_tablet":100,"margin_tablet":{"unit":"px","top":"20","right":"0","bottom":"0","left":"0","isLinked":false},"animation":"slide-left","animation_delay":50},"elements":[{"id":"68415f34","settings":{"image":{"url":"https:\/\/devsedu.softatomic.com\/wp-content\/uploads\/2023\/05\/shape-38.png","id":655,"size":"","alt":"","source":"library"},"text":"Your Text","mouse_speed":{"unit":"px","size":2,"sizes":[]},"_element_width":"auto","_position":"absolute","_offset_y":{"unit":"px","size":15,"sizes":[]},"_z_index":0,"_animation":"fadeIn","_animation_delay":500,"hide_tablet_extra":"hidden-tablet_extra","hide_tablet":"hidden-tablet","hide_mobile":"hidden-mobile"},"elements":[],"isInner":false,"widgetType":"edublink-animation","elType":"widget"},{"id":"5e4e2818","settings":{"image":{"url":"https:\/\/devsedu.softatomic.com\/wp-content\/uploads\/2023\/07\/shape-37.png","id":10292,"size":"","alt":"","source":"library"},"text":"Your Text","mouse_speed":{"unit":"px","size":-2,"sizes":[]},"_element_width":"auto","_position":"absolute","_offset_x":{"unit":"px","size":50,"sizes":[]},"_offset_y":{"unit":"px","size":20,"sizes":[]},"_z_index":0,"_animation":"fadeIn","_animation_delay":500,"hide_tablet_extra":"hidden-tablet_extra","hide_tablet":"hidden-tablet","hide_mobile":"hidden-mobile"},"elements":[],"isInner":false,"widgetType":"edublink-animation","elType":"widget"},{"id":"59419e5","settings":{"image":{"url":"https:\/\/devsedu.softatomic.com\/wp-content\/uploads\/2023\/05\/shape-02.png","id":170,"size":"","alt":"","source":"library"},"text":"Your Text","mouse_speed":{"unit":"px","size":"","sizes":[]},"_element_width":"auto","_position":"absolute","_offset_x":{"unit":"px","size":50,"sizes":[]},"_offset_orientation_v":"end","_offset_y_end":{"unit":"px","size":-60,"sizes":[]},"_animation":"fadeIn","_animation_delay":500,"hide_tablet_extra":"hidden-tablet_extra","hide_tablet":"hidden-tablet","hide_mobile":"hidden-mobile"},"elements":[],"isInner":false,"widgetType":"edublink-animation","elType":"widget"},{"id":"79ca786d","settings":{"image":{"url":"https:\/\/devsedu.softatomic.com\/wp-content\/uploads\/2023\/05\/shape-04-2.png","id":1617,"size":"","alt":"","source":"library"},"text":"Your Text","mouse_speed":{"unit":"px","size":-1.8,"sizes":[]},"_element_width":"auto","_position":"absolute","_offset_orientation_h":"end","_offset_orientation_v":"end","_z_index":0,"_animation":"fadeIn","_animation_delay":500,"hide_tablet_extra":"hidden-tablet_extra","hide_tablet":"hidden-tablet","hide_mobile":"hidden-mobile","_offset_x_end":{"unit":"px","size":5,"sizes":[]},"_offset_y_end":{"unit":"px","size":-45,"sizes":[]}},"elements":[],"isInner":false,"widgetType":"edublink-animation","elType":"widget"},{"id":"1b4196b8","settings":{"image":{"id":10306,"url":"https:\/\/devsedu.softatomic.com\/wp-content\/uploads\/2023\/07\/about-12.webp","alt":"","source":"library","size":""},"image_border_radius":{"unit":"px","top":"10","right":"10","bottom":"10","left":"10","isLinked":true},"_element_width":"auto","_position":"absolute","_offset_orientation_h":"end","_offset_x_end":{"unit":"px","size":15,"sizes":[]},"_offset_y":{"unit":"px","size":30,"sizes":[]},"_animation":"edublink--slide-down","_animation_delay":150,"hide_mobile":"hidden-mobile","image_size":"full"},"elements":[],"isInner":false,"widgetType":"image","elType":"widget"},{"id":"49e566","settings":{"image":{"id":10280,"url":"https:\/\/devsedu.softatomic.com\/wp-content\/uploads\/2023\/07\/about-11.webp","alt":"","source":"library","size":""},"image_size":"full","align_tablet":"center","align_mobile":"center","_animation":"slide-down","_animation_delay":50,"_padding":{"unit":"px","top":"80","right":"0","bottom":"0","left":"10","isLinked":false},"image_border_radius":{"unit":"px","top":"10","right":"10","bottom":"10","left":"10","isLinked":true},"_padding_mobile":{"unit":"px","top":"0","right":"0","bottom":"0","left":"0","isLinked":false}},"elements":[],"isInner":false,"widgetType":"image","elType":"widget"}],"isInner":false,"elType":"column"}],"isInner":false,"elType":"section"},{"id":"17a26773","settings":{"content_width":{"unit":"px","size":1200,"sizes":[]},"gap":"extended","background_background":"classic","padding":{"unit":"px","top":"45","right":"0","bottom":"150","left":"0","isLinked":false},"margin":{"unit":"px","top":"","right":0,"bottom":"","left":0,"isLinked":true},"margin_tablet":{"unit":"px","top":"0","right":0,"bottom":"0","left":0,"isLinked":false},"padding_mobile":{"unit":"px","top":"0","right":"0","bottom":"65","left":"0","isLinked":false},"padding_tablet":{"unit":"px","top":"0","right":"0","bottom":"100","left":"0","isLinked":false},"structure":"60","padding_tablet_extra":{"unit":"px","top":"45","right":"0","bottom":"120","left":"0","isLinked":false}},"elements":[{"id":"33a529df","settings":{"_column_size":16,"_inline_size":null,"_inline_size_tablet":33.33,"_inline_size_mobile":50,"border_border":"solid","border_width":{"unit":"px","top":"0","right":"1","bottom":"0","left":"0","isLinked":false},"border_color":"#F0F0F0","padding":{"unit":"px","top":"10","right":"20","bottom":"10","left":"20","isLinked":false}},"elements":[{"id":"76bfc2f3","settings":{"image":{"id":1211,"url":"https:\/\/devsedu.softatomic.com\/wp-content\/uploads\/2023\/05\/brand-01.png","alt":"","source":"library","size":""},"image_size":"full"},"elements":[],"isInner":false,"widgetType":"image","elType":"widget"}],"isInner":false,"elType":"column"},{"id":"1f5e5be9","settings":{"_column_size":16,"_inline_size":null,"_inline_size_tablet":33.33,"_inline_size_mobile":50,"border_border":"solid","border_width":{"unit":"px","top":"0","right":"1","bottom":"0","left":"0","isLinked":false},"border_width_mobile":{"unit":"px","top":"0","right":"0","bottom":"0","left":"0","isLinked":false},"border_color":"#F0F0F0","padding":{"unit":"px","top":"10","right":"20","bottom":"10","left":"20","isLinked":false}},"elements":[{"id":"577ace0e","settings":{"image":{"id":1212,"url":"https:\/\/devsedu.softatomic.com\/wp-content\/uploads\/2023\/05\/brand-02.png","alt":"","source":"library","size":""},"image_size":"full"},"elements":[],"isInner":false,"widgetType":"image","elType":"widget"}],"isInner":false,"elType":"column"},{"id":"244fcab2","settings":{"_column_size":16,"_inline_size":null,"_inline_size_tablet":33.33,"_inline_size_mobile":50,"border_border":"solid","border_width":{"unit":"px","top":"0","right":"1","bottom":"0","left":"0","isLinked":false},"border_width_tablet":{"unit":"px","top":"0","right":"0","bottom":"0","left":"0","isLinked":false},"border_width_mobile":{"unit":"px","top":"0","right":"1","bottom":"0","left":"0","isLinked":false},"border_color":"#F0F0F0","padding":{"unit":"px","top":"10","right":"20","bottom":"10","left":"20","isLinked":false}},"elements":[{"id":"65721226","settings":{"image":{"id":1213,"url":"https:\/\/devsedu.softatomic.com\/wp-content\/uploads\/2023\/05\/brand-03.png","alt":"","source":"library","size":""},"image_size":"full"},"elements":[],"isInner":false,"widgetType":"image","elType":"widget"}],"isInner":false,"elType":"column"},{"id":"47e723af","settings":{"_column_size":16,"_inline_size":null,"_inline_size_tablet":33.33,"_inline_size_mobile":50,"background_background":"classic","border_border":"solid","border_width":{"unit":"px","top":"0","right":"1","bottom":"0","left":"0","isLinked":false},"border_width_mobile":{"unit":"px","top":"0","right":"0","bottom":"0","left":"0","isLinked":false},"border_color":"#F0F0F0","padding":{"unit":"px","top":"10","right":"20","bottom":"10","left":"20","isLinked":false}},"elements":[{"id":"5672e7ca","settings":{"image":{"id":1214,"url":"https:\/\/devsedu.softatomic.com\/wp-content\/uploads\/2023\/05\/brand-04.png","alt":"","source":"library","size":""},"image_size":"full"},"elements":[],"isInner":false,"widgetType":"image","elType":"widget"}],"isInner":false,"elType":"column"},{"id":"628d8bbb","settings":{"_column_size":16,"_inline_size":null,"_inline_size_tablet":33.33,"_inline_size_mobile":50,"border_border":"solid","border_width":{"unit":"px","top":"0","right":"1","bottom":"0","left":"0","isLinked":false},"border_color":"#F0F0F0","padding":{"unit":"px","top":"10","right":"20","bottom":"10","left":"20","isLinked":false}},"elements":[{"id":"3bc7832a","settings":{"image":{"id":1215,"url":"https:\/\/devsedu.softatomic.com\/wp-content\/uploads\/2023\/05\/brand-05.png","alt":"","source":"library","size":""},"image_size":"full"},"elements":[],"isInner":false,"widgetType":"image","elType":"widget"}],"isInner":false,"elType":"column"},{"id":"48f33710","settings":{"_column_size":16,"_inline_size":null,"_inline_size_tablet":33.33,"_inline_size_mobile":50,"padding":{"unit":"px","top":"10","right":"20","bottom":"10","left":"20","isLinked":false}},"elements":[{"id":"317ee3d3","settings":{"image":{"id":1216,"url":"https:\/\/devsedu.softatomic.com\/wp-content\/uploads\/2023\/05\/brand-06.png","alt":"","source":"library","size":""},"image_size":"full"},"elements":[],"isInner":false,"widgetType":"image","elType":"widget"}],"isInner":false,"elType":"column"}],"isInner":false,"elType":"section"},{"id":"4d7f21b4","settings":{"layout":"full_width","background_background":"classic","background_color":"#F7F5F2","padding":{"unit":"px","top":"130","right":"0","bottom":"0","left":"0","isLinked":false},"padding_tablet":{"unit":"px","top":"80","right":"0","bottom":"85","left":"0","isLinked":false},"padding_mobile":{"unit":"px","top":"60","right":"0","bottom":"65","left":"0","isLinked":false},"gap":"no","shape_divider_bottom":"tilt","shape_divider_bottom_width":{"unit":"%","size":300,"sizes":[]},"shape_divider_bottom_height":{"unit":"px","size":90,"sizes":[]},"shape_divider_bottom_flip":"yes","margin":{"unit":"px","top":"","right":0,"bottom":"","left":0,"isLinked":true},"padding_tablet_extra":{"unit":"px","top":"95","right":"0","bottom":"0","left":"0","isLinked":false}},"elements":[{"id":"d2d7c62","settings":{"_column_size":100,"_inline_size":null,"padding":{"unit":"px","top":"15","right":"0","bottom":"15","left":"0","isLinked":false}},"elements":[{"id":"5d9e489e","settings":{"layout":"full_width","gap":"no"},"elements":[{"id":"5128467e","settings":{"_column_size":100,"_inline_size":null},"elements":[{"id":"42e8b44b","settings":{"content_type":"color","text":"Your Text","mouse_speed":{"unit":"px","size":1,"sizes":[]},"colors_color_color":"","color_height":{"unit":"px","size":475,"sizes":[]},"color_width":{"unit":"px","size":475,"sizes":[]},"color_border_border":"solid","color_border_width":{"unit":"px","top":"1","right":"1","bottom":"1","left":"1","isLinked":true},"color_border_color":"#E5E5E5","color_border_radius":{"unit":"%","top":"50","right":"50","bottom":"50","left":"50","isLinked":true},"color_border_radius_tablet_extra":{"unit":"%","top":"","right":"","bottom":"","left":"","isLinked":true},"color_border_radius_tablet":{"unit":"%","top":"","right":"","bottom":"","left":"","isLinked":true},"color_border_radius_mobile":{"unit":"%","top":"","right":"","bottom":"","left":"","isLinked":true},"_element_width":"auto","_position":"absolute","_offset_x":{"unit":"px","size":-50,"sizes":[]},"_offset_y":{"unit":"px","size":-415,"sizes":[]},"_animation":"fadeIn","_animation_delay":500,"hide_tablet_extra":"hidden-tablet_extra","hide_tablet":"hidden-tablet","hide_mobile":"hidden-mobile","_z_index":0,"hide_desktop":"hidden-desktop"},"elements":[],"isInner":false,"widgetType":"edublink-animation","elType":"widget"},{"id":"7a3602f7","settings":{"image":{"url":"https:\/\/devsedu.softatomic.com\/wp-content\/uploads\/2023\/05\/shape-13.png","id":153,"size":"","alt":"","source":"library"},"text":"Your Text","mouse_speed":{"unit":"px","size":-2,"sizes":[]},"_element_width":"auto","_position":"absolute","_offset_x":{"unit":"px","size":100,"sizes":[]},"_offset_y":{"unit":"px","size":-25,"sizes":[]},"_animation":"fadeIn","_animation_delay":500,"hide_tablet_extra":"hidden-tablet_extra","hide_tablet":"hidden-tablet","hide_mobile":"hidden-mobile"},"elements":[],"isInner":false,"widgetType":"edublink-animation","elType":"widget"},{"id":"149747c5","settings":{"content_type":"color","text":"Your Text","mouse_speed":{"unit":"px","size":-1,"sizes":[]},"colors_color_color":"","color_height":{"unit":"px","size":475,"sizes":[]},"color_width":{"unit":"px","size":475,"sizes":[]},"color_border_border":"solid","color_border_width":{"unit":"px","top":"1","right":"1","bottom":"1","left":"1","isLinked":true},"color_border_color":"#E5E5E5","color_border_radius":{"unit":"%","top":"50","right":"50","bottom":"50","left":"50","isLinked":true},"color_border_radius_tablet_extra":{"unit":"%","top":"","right":"","bottom":"","left":"","isLinked":true},"color_border_radius_tablet":{"unit":"%","top":"","right":"","bottom":"","left":"","isLinked":true},"color_border_radius_mobile":{"unit":"%","top":"","right":"","bottom":"","left":"","isLinked":true},"_element_width":"auto","_position":"absolute","_offset_orientation_h":"end","_offset_x_end":{"unit":"px","size":-15,"sizes":[]},"_offset_y":{"unit":"px","size":-5,"sizes":[]},"_z_index":0,"_animation":"fadeIn","_animation_delay":500,"hide_tablet_extra":"hidden-tablet_extra","hide_tablet":"hidden-tablet","hide_mobile":"hidden-mobile"},"elements":[],"isInner":false,"widgetType":"edublink-animation","elType":"widget"},{"id":"6e3aa549","settings":{"image":{"url":"https:\/\/devsedu.softatomic.com\/wp-content\/uploads\/2023\/07\/shape-40.png","id":10546,"size":"","alt":"","source":"library"},"text":"Your Text","mouse_speed":{"unit":"px","size":2,"sizes":[]},"_element_width":"auto","_position":"absolute","_offset_orientation_h":"end","_offset_x_end":{"unit":"px","size":10,"sizes":[]},"_offset_y":{"unit":"px","size":-50,"sizes":[]},"_animation":"fadeIn","_animation_delay":500,"hide_tablet_extra":"hidden-tablet_extra","hide_tablet":"hidden-tablet","hide_mobile":"hidden-mobile"},"elements":[],"isInner":false,"widgetType":"edublink-animation","elType":"widget"}],"isInner":true,"elType":"column"}],"isInner":true,"elType":"section"},{"id":"185380a9","settings":{"content_width":{"unit":"px","size":1200,"sizes":[]},"gap":"extended","margin":{"unit":"px","top":"0","right":0,"bottom":"40","left":0,"isLinked":false}},"elements":[{"id":"3880aab4","settings":{"_column_size":100,"_inline_size":null,"box_shadow_box_shadow":{"horizontal":0,"vertical":10,"blur":30,"spread":0,"color":"rgba(0, 0, 0, 0.05)"},"margin":{"unit":"px","top":"0","right":"15","bottom":"0","left":"15","isLinked":false},"padding":{"unit":"px","top":"0","right":"0","bottom":"0","left":"0","isLinked":false},"animation_delay":200},"elements":[{"id":"55828dcf","settings":{"pre_heading":"WHY CHOOSE EDUBLINK","heading":"The Best <mark>Beneficial<\/mark> Side <br>\nof EduBlink","alignment":"center","_animation":"edublink--slide-up","_animation_delay":150,"_css_classes":"edublink-br-m-none"},"elements":[],"isInner":false,"widgetType":"edublink-heading","elType":"widget"}],"isInner":true,"elType":"column"}],"isInner":true,"elType":"section"},{"id":"693bcf52","settings":{"content_width":{"unit":"px","size":1200,"sizes":[]},"gap":"no","structure":"30","margin":{"unit":"px","top":"0","right":0,"bottom":"-150","left":0,"isLinked":false},"margin_tablet":{"unit":"px","top":"0","right":0,"bottom":"-450","left":0,"isLinked":false}},"elements":[{"id":"18741025","settings":{"_column_size":33,"_inline_size":null,"_inline_size_tablet":50,"box_shadow_box_shadow":{"horizontal":0,"vertical":10,"blur":30,"spread":0,"color":"rgba(0, 0, 0, 0.05)"},"margin":{"unit":"px","top":"0","right":"15","bottom":"0","left":"15","isLinked":false},"padding":{"unit":"px","top":"0","right":"0","bottom":"0","left":"0","isLinked":false},"animation_delay":200},"elements":[{"id":"4fbe6905","settings":{"icon_or_image":"icon","icon":{"value":"edublink icon-45","library":"edublink-custom-icons"},"title":"High Quality Courses","details":"Lorem ipsum dolor sit amet conset ur elit sed eiusmod ex tempor inc labore dolore magna.","position":"top","title_tag":"h4","icon_box":"yes","icon_box_size":{"unit":"px","size":90,"sizes":[]},"icon_size":{"unit":"px","size":46,"sizes":[]},"icon_color":"#1AB69D","icon_bg_color":"#1AB69D1A","icon_border_radius":{"unit":"%","top":"50","right":"50","bottom":"50","left":"50","isLinked":true},"icon_border_radius_tablet_extra":{"unit":"%","top":"","right":"","bottom":"","left":"","isLinked":true},"icon_border_radius_tablet":{"unit":"%","top":"","right":"","bottom":"","left":"","isLinked":true},"icon_border_radius_mobile":{"unit":"%","top":"","right":"","bottom":"","left":"","isLinked":true},"icon_hover_color":"#FFFFFF","icon_hover_bg_color":"#1AB69D","content_margin":{"unit":"px","top":"","right":"","bottom":"","left":"","isLinked":true},"title_margin":{"unit":"px","top":"30","right":"0","bottom":"20","left":"0","isLinked":false},"_padding":{"unit":"px","top":"60","right":"50","bottom":"60","left":"50","isLinked":false},"_animation":"edublink--slide-up","_animation_delay":50,"_background_background":"classic","_background_color":"#FFFFFF","_border_radius":{"unit":"px","top":"5","right":"5","bottom":"5","left":"5","isLinked":true},"_box_shadow_box_shadow_type":"yes","_box_shadow_box_shadow":{"horizontal":0,"vertical":10,"blur":30,"spread":0,"color":"rgba(0, 0, 0, 0.05)"}},"elements":[],"isInner":false,"widgetType":"edublink-icon-box","elType":"widget"}],"isInner":true,"elType":"column"},{"id":"4a6875f8","settings":{"_column_size":33,"_inline_size":null,"_inline_size_tablet":50,"margin":{"unit":"px","top":"0","right":"15","bottom":"0","left":"15","isLinked":false},"margin_mobile":{"unit":"px","top":"30","right":"15","bottom":"0","left":"15","isLinked":false},"padding":{"unit":"px","top":"0","right":"0","bottom":"0","left":"0","isLinked":false},"animation_delay":100},"elements":[{"id":"5d428207","settings":{"icon_or_image":"icon","icon":{"value":"edublink icon-46","library":"edublink-custom-icons"},"title":"Life Time Access","details":"Lorem ipsum dolor sit amet conset ur elit sed eiusmod ex tempor inc labore dolore magna.","position":"top","title_tag":"h4","icon_box":"yes","icon_box_size":{"unit":"px","size":90,"sizes":[]},"icon_size":{"unit":"px","size":40,"sizes":[]},"icon_color":"#EE4A62","icon_bg_color":"#EE4A621A","icon_border_radius":{"unit":"%","top":"50","right":"50","bottom":"50","left":"50","isLinked":true},"icon_border_radius_tablet_extra":{"unit":"%","top":"","right":"","bottom":"","left":"","isLinked":true},"icon_border_radius_tablet":{"unit":"%","top":"","right":"","bottom":"","left":"","isLinked":true},"icon_border_radius_mobile":{"unit":"%","top":"","right":"","bottom":"","left":"","isLinked":true},"icon_hover_color":"#FFFFFF","icon_hover_bg_color":"#EE4A62","content_margin":{"unit":"px","top":"","right":"","bottom":"","left":"","isLinked":true},"title_margin":{"unit":"px","top":"30","right":"0","bottom":"20","left":"0","isLinked":false},"_padding":{"unit":"px","top":"60","right":"50","bottom":"60","left":"50","isLinked":false},"_animation":"edublink--slide-up","_animation_delay":100,"_background_background":"classic","_background_color":"#FFFFFF","_border_radius":{"unit":"px","top":"5","right":"5","bottom":"5","left":"5","isLinked":true},"_box_shadow_box_shadow_type":"yes","_box_shadow_box_shadow":{"horizontal":0,"vertical":10,"blur":30,"spread":0,"color":"rgba(0, 0, 0, 0.05)"}},"elements":[],"isInner":false,"widgetType":"edublink-icon-box","elType":"widget"}],"isInner":true,"elType":"column"},{"id":"60aa8803","settings":{"_column_size":33,"_inline_size":null,"_inline_size_tablet":50,"margin":{"unit":"px","top":"0","right":"15","bottom":"0","left":"15","isLinked":false},"margin_tablet":{"unit":"px","top":"30","right":"15","bottom":"0","left":"15","isLinked":false},"padding":{"unit":"px","top":"0","right":"0","bottom":"0","left":"0","isLinked":false},"animation_delay":150},"elements":[{"id":"142b2877","settings":{"content_type":"color","text":"Your Text","mouse_speed":{"unit":"px","size":"","sizes":[]},"colors_color_color":"","color_height":{"unit":"px","size":100,"sizes":[]},"color_width":{"unit":"px","size":100,"sizes":[]},"color_border_border":"solid","color_border_width":{"unit":"px","top":"16","right":"16","bottom":"16","left":"16","isLinked":true},"color_border_color":"#F8B81F","color_border_radius":{"unit":"%","top":"50","right":"50","bottom":"50","left":"50","isLinked":true},"color_border_radius_tablet_extra":{"unit":"%","top":"","right":"","bottom":"","left":"","isLinked":true},"color_border_radius_tablet":{"unit":"%","top":"","right":"","bottom":"","left":"","isLinked":true},"color_border_radius_mobile":{"unit":"%","top":"","right":"","bottom":"","left":"","isLinked":true},"_element_width":"auto","_position":"absolute","_offset_orientation_h":"end","_offset_x_end":{"unit":"px","size":-50,"sizes":[]},"_offset_orientation_v":"end","_offset_y_end":{"unit":"px","size":-55,"sizes":[]},"_z_index":0,"_animation":"fadeIn","_animation_delay":500,"hide_tablet_extra":"hidden-tablet_extra","hide_tablet":"hidden-tablet","hide_mobile":"hidden-mobile"},"elements":[],"isInner":false,"widgetType":"edublink-animation","elType":"widget"},{"id":"4c4248dc","settings":{"icon_or_image":"icon","icon":{"value":"edublink icon-47","library":"edublink-custom-icons"},"title":"Expert Instructors","details":"Lorem ipsum dolor sit amet conset ur elit sed eiusmod ex tempor inc labore dolore magna.","position":"top","title_tag":"h4","icon_box":"yes","icon_box_size":{"unit":"px","size":90,"sizes":[]},"icon_size":{"unit":"px","size":44,"sizes":[]},"icon_color":"#4664E4","icon_bg_color":"#4664E41A","icon_border_radius":{"unit":"%","top":"50","right":"50","bottom":"50","left":"50","isLinked":true},"icon_border_radius_tablet_extra":{"unit":"%","top":"","right":"","bottom":"","left":"","isLinked":true},"icon_border_radius_tablet":{"unit":"%","top":"","right":"","bottom":"","left":"","isLinked":true},"icon_border_radius_mobile":{"unit":"%","top":"","right":"","bottom":"","left":"","isLinked":true},"icon_hover_color":"#FFFFFF","icon_hover_bg_color":"#4664E4","content_margin":{"unit":"px","top":"","right":"","bottom":"","left":"","isLinked":true},"title_margin":{"unit":"px","top":"30","right":"0","bottom":"20","left":"0","isLinked":false},"_padding":{"unit":"px","top":"60","right":"50","bottom":"60","left":"50","isLinked":false},"_animation":"edublink--slide-up","_animation_delay":150,"_background_background":"classic","_background_color":"#FFFFFF","_border_radius":{"unit":"px","top":"5","right":"5","bottom":"5","left":"5","isLinked":true},"_box_shadow_box_shadow_type":"yes","_box_shadow_box_shadow":{"horizontal":0,"vertical":10,"blur":30,"spread":0,"color":"rgba(0, 0, 0, 0.05)"}},"elements":[],"isInner":false,"widgetType":"edublink-icon-box","elType":"widget"}],"isInner":true,"elType":"column"}],"isInner":true,"elType":"section"}],"isInner":false,"elType":"column"}],"isInner":false,"elType":"section"},{"id":"7caeb20","settings":{"content_width":{"unit":"px","size":1200,"sizes":[]},"gap":"extended","structure":"20","padding_tablet":{"unit":"px","top":"0","right":"0","bottom":"35","left":"0","isLinked":false},"padding_mobile":{"unit":"px","top":"0","right":"0","bottom":"15","left":"0","isLinked":false},"margin":{"unit":"px","top":"270","right":0,"bottom":"0","left":0,"isLinked":false},"margin_tablet_extra":{"unit":"px","top":"240","right":0,"bottom":"0","left":0,"isLinked":false},"margin_tablet":{"unit":"px","top":"430","right":0,"bottom":"0","left":0,"isLinked":false}},"elements":[{"id":"58b70caf","settings":{"_column_size":50,"_inline_size":40,"_inline_size_tablet":100,"margin":{"unit":"px","top":"0","right":"30","bottom":"0","left":"0","isLinked":false},"margin_tablet":{"unit":"px","top":"0","right":"0","bottom":"10","left":"0","isLinked":false},"animation":"edublink--slide-up","animation_delay":150,"margin_mobile":{"unit":"px","top":"0","right":"0","bottom":"25","left":"0","isLinked":false}},"elements":[{"id":"76067dad","settings":{"pre_heading":"TESTIMONIALS","heading":"What Our Students Have To Say","sub_heading":"Lorem ipsum dolor sit amet consectur adipiscing elit sed eiusmod tempor incididunt labore dolore magna aliquaenim ad minim."},"elements":[],"isInner":false,"widgetType":"edublink-heading","elType":"widget"},{"id":"438750cb","settings":{"size":"large","text":"View All"},"elements":[],"isInner":false,"widgetType":"edublink-button","elType":"widget"}],"isInner":false,"elType":"column"},{"id":"25feee49","settings":{"_column_size":50,"_inline_size":60,"_inline_size_tablet":100,"padding_mobile":{"unit":"px","top":"0","right":"0","bottom":"0","left":"0","isLinked":false}},"elements":[{"id":"45672210","settings":{"testimonials":[{"name":"David Owens","_id":"76ca1dd","testimonial":"Lorem ipsum dolor amet consec tur elit adicing sed do usmod zx tempor enim minim veniam quis nostrud exer citation.","designation":"Designer","thumb":{"id":7429,"url":"https:\/\/devsedu.softatomic.com\/wp-content\/uploads\/2023\/06\/testimonial-01.png","alt":"","source":"library","size":""},"logo":{"id":7391,"url":"https:\/\/devsedu.softatomic.com\/wp-content\/uploads\/2023\/06\/placeholder-139.png"}},{"name":"Bob Limones","_id":"f39b7d1","testimonial":"Lorem ipsum dolor amet consec tur elit adicing sed do usmod zx tempor enim minim veniam quis nostrud exer citation.","designation":"Student","thumb":{"id":7430,"url":"https:\/\/devsedu.softatomic.com\/wp-content\/uploads\/2023\/06\/testimonial-02.png","alt":"","source":"library","size":""},"logo":{"id":7393,"url":"https:\/\/devsedu.softatomic.com\/wp-content\/uploads\/2023\/06\/placeholder-141.png"}},{"name":"Tom Hurley","_id":"4015e78","testimonial":"Lorem ipsum dolor amet consec tur elit adicing sed do usmod zx tempor enim minim veniam quis nostrud exer citation.","designation":"Content Creator","thumb":{"id":7428,"url":"https:\/\/devsedu.softatomic.com\/wp-content\/uploads\/2023\/06\/testimonial-04.jpg","alt":"","source":"library","size":""},"logo":{"id":7395,"url":"https:\/\/devsedu.softatomic.com\/wp-content\/uploads\/2023\/06\/placeholder-143.png"}},{"name":"Robert Lane","_id":"849f7a6","testimonial":"Lorem ipsum dolor amet consec tur elit adicing sed do usmod zx tempor enim minim veniam quis nostrud exer citation.","designation":"Developer","thumb":{"id":7427,"url":"https:\/\/devsedu.softatomic.com\/wp-content\/uploads\/2023\/06\/testimonial-03.png","alt":"","source":"library","size":""},"logo":{"id":7397,"url":"https:\/\/devsedu.softatomic.com\/wp-content\/uploads\/2023\/06\/placeholder-145.png"}}],"style":"2","pa_condition_repeater":[],"pa_cursor_ftext":"Premium Follow Text","pa_badge_text":"New","premium_mscroll_repeater":[],"pre_heading":"TESTIMONIALS","heading":"What Our Students Say"},"elements":[],"isInner":false,"widgetType":"edublink-testimonial","elType":"widget"}],"isInner":false,"elType":"column"}],"isInner":false,"elType":"section"},{"id":"4cb252cb","settings":{"content_width":{"unit":"px","size":1200,"sizes":[]},"gap":"extended","margin":{"unit":"px","top":"","right":0,"bottom":"","left":0,"isLinked":true},"padding":{"unit":"px","top":"130","right":"0","bottom":"135","left":"0","isLinked":false},"padding_tablet":{"unit":"px","top":"60","right":"0","bottom":"85","left":"0","isLinked":false},"padding_mobile":{"unit":"px","top":"90","right":"0","bottom":"65","left":"0","isLinked":false},"padding_tablet_extra":{"unit":"px","top":"130","right":"0","bottom":"105","left":"0","isLinked":false}},"elements":[{"id":"4b428646","settings":{"_column_size":100,"_inline_size":null,"padding":{"unit":"px","top":"15","right":"0","bottom":"15","left":"0","isLinked":false},"padding_mobile":{"unit":"px","top":"15","right":"15","bottom":"15","left":"15","isLinked":true}},"elements":[{"id":"26b66012","settings":{"content_width":{"unit":"px","size":1200,"sizes":[]}},"elements":[{"id":"36201877","settings":{"_column_size":100,"_inline_size":null,"_inline_size_tablet":50,"background_background":"classic","background_color":"#FFFFFF","border_radius":{"unit":"px","top":"4","right":"4","bottom":"4","left":"4","isLinked":true},"box_shadow_box_shadow_type":"yes","box_shadow_box_shadow":{"horizontal":0,"vertical":30,"blur":70,"spread":0,"color":"rgba(15.99999999999999, 12.000000000000002, 47, 0.05)"},"margin_mobile":{"unit":"px","top":"0","right":"0","bottom":"0","left":"0","isLinked":false},"padding":{"unit":"px","top":"0","right":"0","bottom":"0","left":"0","isLinked":false},"padding_mobile":{"unit":"px","top":"25","right":"25","bottom":"25","left":"25","isLinked":true},"margin_tablet":{"unit":"px","top":"0","right":"15","bottom":"15","left":"15","isLinked":false}},"elements":[{"id":"69b69e11","settings":{"image":{"url":"https:\/\/devsedu.softatomic.com\/wp-content\/uploads\/2023\/06\/map-shape-3.png","id":4159,"size":"","alt":"","source":"library"},"image_size":"full","_element_width":"auto","_position":"absolute","_offset_x":{"unit":"px","size":230,"sizes":[]},"_offset_y":{"unit":"px","size":-175,"sizes":[]},"_z_index":0,"hide_tablet_extra":"hidden-tablet_extra","hide_tablet":"hidden-tablet","hide_mobile":"hidden-mobile"},"elements":[],"isInner":false,"widgetType":"image","elType":"widget"}],"isInner":true,"elType":"column"}],"isInner":true,"elType":"section"},{"id":"20e071ae","settings":{"content_width":{"unit":"px","size":1200,"sizes":[]},"structure":"40","gap":"no"},"elements":[{"id":"6a4003de","settings":{"_column_size":25,"_inline_size":null,"_inline_size_tablet":50,"background_background":"classic","background_color":"#FFFFFF","border_radius":{"unit":"px","top":"4","right":"4","bottom":"4","left":"4","isLinked":true},"box_shadow_box_shadow_type":"yes","box_shadow_box_shadow":{"horizontal":0,"vertical":30,"blur":70,"spread":0,"color":"rgba(15.99999999999999, 12.000000000000002, 47, 0.05)"},"margin":{"unit":"px","top":"0","right":"15","bottom":"0","left":"15","isLinked":false},"margin_mobile":{"unit":"px","top":"0","right":"0","bottom":"0","left":"0","isLinked":false},"padding":{"unit":"px","top":"38","right":"30","bottom":"38","left":"30","isLinked":false},"padding_mobile":{"unit":"px","top":"25","right":"25","bottom":"25","left":"25","isLinked":true},"margin_tablet":{"unit":"px","top":"0","right":"15","bottom":"15","left":"15","isLinked":false},"animation":"edublink--slide-up","animation_delay":50},"elements":[{"id":"4930d035","settings":{"selected_icon":{"value":"edublink icon-48","library":"edublink-custom-icons"},"view":"stacked","primary_color":"#1AB69D1A","secondary_color":"#1AB69D","size":{"unit":"px","size":50,"sizes":[]},"icon_padding":{"unit":"px","size":21,"sizes":[]}},"elements":[],"isInner":false,"widgetType":"icon","elType":"widget"},{"id":"20562ba0","settings":{"ending_number":"29.3","suffix":"K","alignment":"center","ending_number_typography_typography":"custom","ending_number_typography_font_size":{"unit":"px","size":36,"sizes":[]},"ending_number_typography_font_size_tablet":{"unit":"px","size":30,"sizes":[]},"ending_number_typography_font_size_mobile":{"unit":"px","size":26,"sizes":[]},"ending_number_typography_font_weight":"700","ending_number_typography_line_height":{"unit":"custom","size":"1.39","sizes":[]},"ending_number_typography_line_height_tablet_extra":{"unit":"custom","size":"","sizes":[]},"ending_number_typography_line_height_tablet":{"unit":"custom","size":"","sizes":[]},"ending_number_typography_line_height_mobile":{"unit":"custom","size":"","sizes":[]},"_margin":{"unit":"px","top":"-5","right":"0","bottom":"-10","left":"0","isLinked":false}},"elements":[],"isInner":false,"widgetType":"edublink-counterup","elType":"widget"},{"id":"38fe9b4c","settings":{"title":"STUDENT ENROLLED","header_size":"h6","align":"center","typography_typography":"custom","typography_font_size":{"unit":"px","size":13,"sizes":[]},"typography_font_weight":"500","typography_line_height":{"unit":"custom","size":"","sizes":[]},"typography_line_height_tablet_extra":{"unit":"custom","size":"","sizes":[]},"typography_line_height_tablet":{"unit":"custom","size":"","sizes":[]},"typography_line_height_mobile":{"unit":"custom","size":"","sizes":[]}},"elements":[],"isInner":false,"widgetType":"heading","elType":"widget"}],"isInner":true,"elType":"column"},{"id":"19c1e9d7","settings":{"_column_size":25,"_inline_size":null,"_inline_size_tablet":50,"background_background":"classic","background_color":"#FFFFFF","border_radius":{"unit":"px","top":"4","right":"4","bottom":"4","left":"4","isLinked":true},"box_shadow_box_shadow_type":"yes","box_shadow_box_shadow":{"horizontal":0,"vertical":30,"blur":70,"spread":0,"color":"rgba(15.99999999999999, 12.000000000000002, 47, 0.05)"},"margin":{"unit":"px","top":"0","right":"15","bottom":"0","left":"15","isLinked":false},"margin_tablet":{"unit":"px","top":"0","right":"15","bottom":"15","left":"15","isLinked":false},"margin_mobile":{"unit":"px","top":"30","right":"0","bottom":"0","left":"0","isLinked":false},"padding":{"unit":"px","top":"38","right":"30","bottom":"38","left":"30","isLinked":false},"padding_mobile":{"unit":"px","top":"25","right":"25","bottom":"25","left":"25","isLinked":true},"animation":"edublink--slide-up","animation_delay":100},"elements":[{"id":"4c6f4317","settings":{"selected_icon":{"value":"edublink icon-47","library":"edublink-custom-icons"},"view":"stacked","primary_color":"#FF5B5C1A","secondary_color":"#EE4A62","size":{"unit":"px","size":50,"sizes":[]},"icon_padding":{"unit":"px","size":21,"sizes":[]}},"elements":[],"isInner":false,"widgetType":"icon","elType":"widget"},{"id":"796e0108","settings":{"ending_number":"32.4","suffix":"K","alignment":"center","ending_number_typography_typography":"custom","ending_number_typography_font_size":{"unit":"px","size":36,"sizes":[]},"ending_number_typography_font_size_tablet":{"unit":"px","size":30,"sizes":[]},"ending_number_typography_font_size_mobile":{"unit":"px","size":26,"sizes":[]},"ending_number_typography_font_weight":"700","ending_number_typography_line_height":{"unit":"custom","size":"1.39","sizes":[]},"ending_number_typography_line_height_tablet_extra":{"unit":"custom","size":"","sizes":[]},"ending_number_typography_line_height_tablet":{"unit":"custom","size":"","sizes":[]},"ending_number_typography_line_height_mobile":{"unit":"custom","size":"","sizes":[]},"_margin":{"unit":"px","top":"-5","right":"0","bottom":"-10","left":"0","isLinked":false}},"elements":[],"isInner":false,"widgetType":"edublink-counterup","elType":"widget"},{"id":"69067a4f","settings":{"title":"CLASS COMPLETED","header_size":"h6","align":"center","typography_typography":"custom","typography_font_size":{"unit":"px","size":13,"sizes":[]},"typography_font_weight":"500","typography_line_height":{"unit":"custom","size":"","sizes":[]},"typography_line_height_tablet_extra":{"unit":"custom","size":"","sizes":[]},"typography_line_height_tablet":{"unit":"custom","size":"","sizes":[]},"typography_line_height_mobile":{"unit":"custom","size":"","sizes":[]}},"elements":[],"isInner":false,"widgetType":"heading","elType":"widget"}],"isInner":true,"elType":"column"},{"id":"6e22bf93","settings":{"_column_size":25,"_inline_size":null,"_inline_size_tablet":50,"background_background":"classic","background_color":"#FFFFFF","border_radius":{"unit":"px","top":"4","right":"4","bottom":"4","left":"4","isLinked":true},"box_shadow_box_shadow_type":"yes","box_shadow_box_shadow":{"horizontal":0,"vertical":30,"blur":70,"spread":0,"color":"rgba(15.99999999999999, 12.000000000000002, 47, 0.05)"},"margin":{"unit":"px","top":"0","right":"15","bottom":"0","left":"15","isLinked":false},"margin_tablet":{"unit":"px","top":"15","right":"15","bottom":"0","left":"15","isLinked":false},"margin_mobile":{"unit":"px","top":"30","right":"0","bottom":"0","left":"0","isLinked":false},"padding":{"unit":"px","top":"38","right":"30","bottom":"38","left":"30","isLinked":false},"padding_mobile":{"unit":"px","top":"25","right":"25","bottom":"25","left":"25","isLinked":true},"animation":"edublink--slide-up","animation_delay":150},"elements":[{"id":"688c9f08","settings":{"selected_icon":{"value":"edublink icon-49","library":"edublink-custom-icons"},"view":"stacked","primary_color":"#4664E41A","secondary_color":"#4664E4","size":{"unit":"px","size":50,"sizes":[]},"icon_padding":{"unit":"px","size":21,"sizes":[]}},"elements":[],"isInner":false,"widgetType":"icon","elType":"widget"},{"id":"5841995c","settings":{"ending_number":"100","suffix":"%","alignment":"center","ending_number_typography_typography":"custom","ending_number_typography_font_size":{"unit":"px","size":36,"sizes":[]},"ending_number_typography_font_size_tablet":{"unit":"px","size":30,"sizes":[]},"ending_number_typography_font_size_mobile":{"unit":"px","size":26,"sizes":[]},"ending_number_typography_font_weight":"700","ending_number_typography_line_height":{"unit":"custom","size":"1.39","sizes":[]},"ending_number_typography_line_height_tablet_extra":{"unit":"custom","size":"","sizes":[]},"ending_number_typography_line_height_tablet":{"unit":"custom","size":"","sizes":[]},"ending_number_typography_line_height_mobile":{"unit":"custom","size":"","sizes":[]},"_margin":{"unit":"px","top":"-5","right":"0","bottom":"-10","left":"0","isLinked":false}},"elements":[],"isInner":false,"widgetType":"edublink-counterup","elType":"widget"},{"id":"698d357f","settings":{"title":"SATISFACTION RATE","header_size":"h6","align":"center","typography_typography":"custom","typography_font_size":{"unit":"px","size":13,"sizes":[]},"typography_font_weight":"500","typography_line_height":{"unit":"custom","size":"","sizes":[]},"typography_line_height_tablet_extra":{"unit":"custom","size":"","sizes":[]},"typography_line_height_tablet":{"unit":"custom","size":"","sizes":[]},"typography_line_height_mobile":{"unit":"custom","size":"","sizes":[]}},"elements":[],"isInner":false,"widgetType":"heading","elType":"widget"}],"isInner":true,"elType":"column"},{"id":"14d59dfc","settings":{"_column_size":25,"_inline_size":null,"_inline_size_tablet":50,"background_background":"classic","background_color":"#FFFFFF","border_radius":{"unit":"px","top":"4","right":"4","bottom":"4","left":"4","isLinked":true},"box_shadow_box_shadow_type":"yes","box_shadow_box_shadow":{"horizontal":0,"vertical":30,"blur":70,"spread":0,"color":"rgba(15.99999999999999, 12.000000000000002, 47, 0.05)"},"margin":{"unit":"px","top":"0","right":"15","bottom":"0","left":"15","isLinked":false},"margin_tablet":{"unit":"px","top":"15","right":"15","bottom":"0","left":"15","isLinked":false},"margin_mobile":{"unit":"px","top":"30","right":"0","bottom":"0","left":"0","isLinked":false},"padding":{"unit":"px","top":"38","right":"30","bottom":"38","left":"30","isLinked":false},"padding_mobile":{"unit":"px","top":"25","right":"25","bottom":"25","left":"25","isLinked":true},"animation":"edublink--slide-up","animation_delay":200},"elements":[{"id":"20050d78","settings":{"selected_icon":{"value":"edublink icon-50","library":"edublink-custom-icons"},"view":"stacked","primary_color":"#F896241A","secondary_color":"#F8941F","size":{"unit":"px","size":50,"sizes":[]},"icon_padding":{"unit":"px","size":21,"sizes":[]}},"elements":[],"isInner":false,"widgetType":"icon","elType":"widget"},{"id":"379bf040","settings":{"ending_number":"354","suffix":"+","alignment":"center","ending_number_typography_typography":"custom","ending_number_typography_font_size":{"unit":"px","size":36,"sizes":[]},"ending_number_typography_font_size_tablet":{"unit":"px","size":30,"sizes":[]},"ending_number_typography_font_size_mobile":{"unit":"px","size":26,"sizes":[]},"ending_number_typography_font_weight":"700","ending_number_typography_line_height":{"unit":"custom","size":"1.39","sizes":[]},"ending_number_typography_line_height_tablet_extra":{"unit":"custom","size":"","sizes":[]},"ending_number_typography_line_height_tablet":{"unit":"custom","size":"","sizes":[]},"ending_number_typography_line_height_mobile":{"unit":"custom","size":"","sizes":[]},"_margin":{"unit":"px","top":"-5","right":"0","bottom":"-10","left":"0","isLinked":false}},"elements":[],"isInner":false,"widgetType":"edublink-counterup","elType":"widget"},{"id":"2121930b","settings":{"title":"TOP INSTRUCTORS","header_size":"h6","align":"center","typography_typography":"custom","typography_font_size":{"unit":"px","size":13,"sizes":[]},"typography_font_weight":"500","typography_line_height":{"unit":"custom","size":"","sizes":[]},"typography_line_height_tablet_extra":{"unit":"custom","size":"","sizes":[]},"typography_line_height_tablet":{"unit":"custom","size":"","sizes":[]},"typography_line_height_mobile":{"unit":"custom","size":"","sizes":[]}},"elements":[],"isInner":false,"widgetType":"heading","elType":"widget"}],"isInner":true,"elType":"column"}],"isInner":true,"elType":"section"}],"isInner":false,"elType":"column"}],"isInner":false,"elType":"section"},{"id":"79b89d46","settings":{"gap":"no","padding":{"unit":"px","top":"130","right":"0","bottom":"135","left":"0","isLinked":false},"padding_tablet":{"unit":"px","top":"80","right":"0","bottom":"85","left":"0","isLinked":false},"padding_mobile":{"unit":"px","top":"60","right":"0","bottom":"65","left":"0","isLinked":false},"background_background":"classic","background_color":"#F7F5F2","layout":"full_width","overflow":"hidden","padding_tablet_extra":{"unit":"px","top":"100","right":"0","bottom":"105","left":"0","isLinked":false}},"elements":[{"id":"39239817","settings":{"_column_size":100,"_inline_size":null},"elements":[{"id":"75294d71","settings":{"margin":{"unit":"px","top":"","right":0,"bottom":"","left":0,"isLinked":true},"layout":"full_width","gap":"no"},"elements":[{"id":"7a160743","settings":{"_column_size":100,"_inline_size":null},"elements":[{"id":"23eb9fe9","settings":{"content_type":"color","text":"Your Text","mouse_speed":{"unit":"px","size":0.8,"sizes":[]},"colors_color_color":"","color_height":{"unit":"px","size":475,"sizes":[]},"color_width":{"unit":"px","size":475,"sizes":[]},"color_border_border":"solid","color_border_width":{"unit":"px","top":"1","right":"1","bottom":"1","left":"1","isLinked":true},"color_border_color":"#E5E5E5","color_border_radius":{"unit":"%","top":"50","right":"50","bottom":"50","left":"50","isLinked":true},"color_border_radius_tablet_extra":{"unit":"%","top":"","right":"","bottom":"","left":"","isLinked":true},"color_border_radius_tablet":{"unit":"%","top":"","right":"","bottom":"","left":"","isLinked":true},"color_border_radius_mobile":{"unit":"%","top":"","right":"","bottom":"","left":"","isLinked":true},"_element_width":"auto","_position":"absolute","_offset_orientation_h":"end","_offset_x_end":{"unit":"px","size":-150,"sizes":[]},"_offset_y":{"unit":"px","size":-280,"sizes":[]},"_animation":"fadeIn","_animation_delay":500,"hide_tablet_extra":"hidden-tablet_extra","hide_tablet":"hidden-tablet","hide_mobile":"hidden-mobile"},"elements":[],"isInner":false,"widgetType":"edublink-animation","elType":"widget"},{"id":"be8b5fb","settings":{"content_type":"color","text":"Your Text","mouse_speed":{"unit":"px","size":"","sizes":[]},"colors_color_color":"","color_height":{"unit":"px","size":475,"sizes":[]},"color_width":{"unit":"px","size":475,"sizes":[]},"color_border_border":"solid","color_border_width":{"unit":"px","top":"1","right":"1","bottom":"1","left":"1","isLinked":true},"color_border_color":"#E5E5E5","color_border_radius":{"unit":"%","top":"50","right":"50","bottom":"50","left":"50","isLinked":true},"color_border_radius_tablet_extra":{"unit":"%","top":"","right":"","bottom":"","left":"","isLinked":true},"color_border_radius_tablet":{"unit":"%","top":"","right":"","bottom":"","left":"","isLinked":true},"color_border_radius_mobile":{"unit":"%","top":"","right":"","bottom":"","left":"","isLinked":true},"_element_width":"auto","_position":"absolute","_offset_x":{"unit":"px","size":-200,"sizes":[]},"_offset_y":{"unit":"px","size":510,"sizes":[]},"_animation":"fadeIn","_animation_delay":500,"hide_tablet_extra":"hidden-tablet_extra","hide_tablet":"hidden-tablet","hide_mobile":"hidden-mobile"},"elements":[],"isInner":false,"widgetType":"edublink-animation","elType":"widget"},{"id":"5b99c995","settings":{"image":{"url":"https:\/\/devsedu.softatomic.com\/wp-content\/uploads\/2023\/05\/shape-13.png","id":153,"size":"","alt":"","source":"library"},"text":"Your Text","mouse_speed":{"unit":"px","size":-2,"sizes":[]},"colors_color_color":"","color_height":{"unit":"px","size":475,"sizes":[]},"color_width":{"unit":"px","size":475,"sizes":[]},"color_border_border":"solid","color_border_width":{"unit":"px","top":"1","right":"1","bottom":"1","left":"1","isLinked":true},"color_border_color":"#E5E5E5","color_border_radius":{"unit":"%","top":"50","right":"50","bottom":"50","left":"50","isLinked":true},"color_border_radius_tablet_extra":{"unit":"%","top":"","right":"","bottom":"","left":"","isLinked":true},"color_border_radius_tablet":{"unit":"%","top":"","right":"","bottom":"","left":"","isLinked":true},"color_border_radius_mobile":{"unit":"%","top":"","right":"","bottom":"","left":"","isLinked":true},"_element_width":"auto","_position":"absolute","_offset_orientation_h":"end","_offset_x_end":{"unit":"px","size":160,"sizes":[]},"_offset_y":{"unit":"px","size":50,"sizes":[]},"_animation":"fadeIn","_animation_delay":500,"hide_tablet_extra":"hidden-tablet_extra","hide_tablet":"hidden-tablet","hide_mobile":"hidden-mobile"},"elements":[],"isInner":false,"widgetType":"edublink-animation","elType":"widget"}],"isInner":true,"elType":"column"}],"isInner":true,"elType":"section"},{"id":"3bc6227e","settings":{"content_width":{"unit":"px","size":1200,"sizes":[]},"margin":{"unit":"px","top":"0","right":0,"bottom":"10","left":0,"isLinked":false},"gap":"extended"},"elements":[{"id":"650ba41d","settings":{"_column_size":100,"_inline_size":null},"elements":[{"id":"4bf8af0a","settings":{"pre_heading":"INSTRUCTORS","heading":"Course Instructors","alignment":"center","_animation":"edublink--slide-up","_animation_delay":150},"elements":[],"isInner":false,"widgetType":"edublink-heading","elType":"widget"}],"isInner":true,"elType":"column"}],"isInner":true,"elType":"section"},{"id":"240719c7","settings":{"content_width":{"unit":"px","size":1200,"sizes":[]},"gap":"extended"},"elements":[{"id":"59b75933","settings":{"_column_size":100,"_inline_size":null},"elements":[{"id":"272a5566","settings":{"style":"3","members":[{"name":"Jane Seymour","_id":"ba852e2","designation":"UI Designer","details":"Consectetur adipisicing elit, sed do eius mod tempor incididunt","thumb":{"url":"https:\/\/devsedu.softatomic.com\/wp-content\/uploads\/2023\/06\/team-01.webp","id":7620,"size":"","alt":"","source":"library"},"facebook":"#","twitter":"#","linkedin":"#"},{"name":"Edward Norton","_id":"75c2f70","designation":"UI Designer","details":"Consectetur adipisicing elit, sed do eius mod tempor incididunt","thumb":{"url":"https:\/\/devsedu.softatomic.com\/wp-content\/uploads\/2023\/06\/team-02.webp","id":7621,"size":"","alt":"","source":"library"},"facebook":"#","twitter":"#","linkedin":"#"},{"name":"Penelope Cruz","_id":"3ee16be","designation":"UI Designer","details":"Consectetur adipisicing elit, sed do eius mod tempor incididunt","thumb":{"url":"https:\/\/devsedu.softatomic.com\/wp-content\/uploads\/2023\/06\/team-03.webp","id":7622,"size":"","alt":"","source":"library"},"facebook":"#","twitter":"#","linkedin":"#"}],"desktop_grid_columns":"3","tablet_grid_columns":"2","_animation":"edublink--slide-up","_animation_delay":250,"mobile_grid_columns":"2"},"elements":[],"isInner":false,"widgetType":"edublink-team","elType":"widget"}],"isInner":true,"elType":"column"}],"isInner":true,"elType":"section"}],"isInner":false,"elType":"column"}],"isInner":false,"elType":"section"}],"page_settings":[],"version":"0.4","title":"EduBlink About Us Page","type":"page"}